{"stats":{"minecraft:killed":{"hordes:zombie_player":10,"minecraft:skeleton":1,"minecraft:silverfish":2,"alexsmobs:flying_fish":1,"minecraft:zombie":3},"minecraft:broken":{"minecraft:stone_pickaxe":1,"minecraft:iron_pickaxe":3},"minecraft:custom":{"minecraft:mob_kills":17,"minecraft:inspect_hopper":1,"minecraft:interact_with_crafting_table":29,"minecraft:open_barrel":45,"minecraft:damage_dealt_resisted":112,"minecraft:eat_cake_slice":2,"minecraft:leave_game":6,"minecraft:time_since_death":15616,"minecraft:climb_one_cm":5111,"minecraft:sprint_one_cm":788510,"minecraft:walk_one_cm":511484,"minecraft:damage_blocked_by_shield":291,"minecraft:drop":156,"minecraft:play_time":262627,"minecraft:deaths":32,"minecraft:sneak_time":17106,"minecraft:walk_under_water_one_cm":45292,"minecraft:interact_with_brewingstand":1,"minecraft:jump":3557,"minecraft:interact_with_blast_furnace":56,"minecraft:walk_on_water_one_cm":36074,"minecraft:total_world_time":262627,"minecraft:interact_with_furnace":1,"minecraft:sleep_in_bed":5,"minecraft:time_since_rest":14971,"minecraft:damage_taken":5291,"tombstone:sneak_grave":2,"minecraft:damage_dealt":3840,"minecraft:swim_one_cm":136905,"minecraft:fly_one_cm":1123563,"minecraft:open_chest":52,"minecraft:crouch_one_cm":86525,"tombstone:undead_killed":14,"minecraft:interact_with_smoker":1,"minecraft:fall_one_cm":71628,"minecraft:interact_with_smithing_table":1},"minecraft:killed_by":{"iceandfire:cyclops":1,"minecraft:stray":1,"minecraft:creeper":3,"minecraft:spider":1,"hordes:zombie_player":3,"minecraft:zombie_horse":1,"minecraft:drowned":4,"hordes:drowned_player":1,"minecraft:silverfish":2,"minecraft:skeleton":10,"minecraft:zombie":3,"iceandfire:fire_dragon":1},"minecraft:used":{"minecraft:netherite_sword":6,"minecraft:rose_bush":1,"minecraft:chest":1,"minecraft:shield":5,"minecraft:tinted_glass":1,"minecraft:quartz_stairs":1,"minecraft:iron_chestplate":1,"minecraft:torch":64,"minecraft:dirt":19,"minecraft:anvil":2,"scalinghealth:heart_crystal":1,"minecraft:tuff":90,"minecraft:snowball":1,"minecraft:stripped_spruce_log":1,"minecraft:quartz_pillar":1,"epicfight:iron_greatsword":13,"minecraft:iron_axe":13,"minecraft:iron_helmet":1,"minecraft:iron_boots":1,"epicfight:stone_greatsword":22,"minecraft:deepslate_tile_stairs":1,"minecraft:acacia_wood":1,"tombstone:gift":3,"minecraft:egg":1,"minecraft:cobbled_deepslate":35,"minecraft:water_bucket":15,"minecraft:stone_pickaxe":130,"minecraft:oak_planks":11,"minecraft:wooden_pickaxe":4,"minecraft:polished_blackstone_pressure_plate":1,"minecraft:oak_slab":6,"minecraft:crafting_table":16,"minecraft:blast_furnace":5,"minecraft:apple":4,"minecraft:light_gray_concrete":2,"minecraft:bread":75,"minecraft:cyan_bed":1,"minecraft:warped_slab":8,"minecraft:iron_pickaxe":889,"minecraft:gravel":2,"minecraft:green_candle":1,"minecraft:stone_axe":24,"minecraft:cobblestone":122,"minecraft:andesite":38,"minecraft:bucket":17,"minecraft:yellow_bed":4,"minecraft:experience_bottle":64},"minecraft:picked_up":{"minecraft:iron_chestplate":4,"cataclysm:void_scatter_arrow":7,"minecraft:crafting_table":24,"biomemakeover:stripped_blighted_balsa_log":1,"minecraft:anvil":8,"minecraft:wooden_pickaxe":1,"minecraft:potion":4,"minecraft:wither_rose":1,"minecraft:enchanted_book":2,"minecraft:stripped_cherry_log":1,"minecraft:shield":4,"minecraft:string":1,"minecraft:raw_copper":40,"minecraft:flint_and_steel":1,"minecraft:iron_leggings":4,"minecraft:experience_bottle":256,"minecraft:gold_nugget":14,"minecraft:cobbled_deepslate":1282,"minecraft:bucket":4,"minecraft:rose_bush":1,"minecraft:warped_slab":8,"minecraft:quartz_stairs":1,"minecraft:iron_pickaxe":10,"minecraft:tinted_glass":2,"minecraft:coal_block":5,"minecraft:chest":26,"minecraft:iron_boots":2,"minecraft:egg":1,"minecraft:stick":4,"minecraft:raw_iron":73,"minecraft:copper_ingot":10,"minecraft:torch":130,"minecraft:acacia_log":1,"minecraft:quartz_pillar":1,"iceandfire:rotten_egg":1,"tombstone:grave_dust":5,"minecraft:redstone":94,"minecraft:deepslate_tile_stairs":1,"minecraft:iron_horse_armor":1,"minecraft:arrow":5,"minecraft:rotten_flesh":47,"minecraft:hay_block":101,"minecraft:gold_ingot":108,"minecraft:obsidian":29,"minecraft:mutton":6,"minecraft:iron_bars":5,"alexsmobs:flying_fish":1,"minecraft:cobblestone":332,"iceandfire:silver_axe":1,"minecraft:birch_log":5,"minecraft:water_bucket":3,"minecraft:andesite":58,"minecraft:smoker":1,"minecraft:acacia_wood":2,"minecraft:potato":8,"minecraft:filled_map":2,"minecraft:birch_planks":2,"minecraft:tuff":354,"minecraft:oak_log":20,"scalinghealth:bandages":10,"minecraft:yellow_bed":6,"scalinghealth:heart_crystal":5,"minecraft:lapis_lazuli":410,"minecraft:dirt":70,"minecraft:bone":198,"minecraft:apple":20,"epicfight:iron_greatsword":3,"minecraft:bow":1,"minecraft:green_candle":1,"minecraft:wheat_seeds":4,"minecraft:raw_gold":78,"minecraft:iron_ingot":42,"minecraft:stone_pickaxe":1,"minecraft:glowstone_dust":8,"minecraft:iron_sword":1,"minecraft:oak_planks":240,"scalinghealth:heart_crystal_shard":189,"epicfight:stone_greatsword":1,"minecraft:gravel":3,"minecraft:lava_bucket":1,"minecraft:stripped_spruce_log":2,"minecraft:blast_furnace":13,"minecraft:white_bed":1,"minecraft:cyan_bed":5,"minecraft:spectral_arrow":2,"alexsmobs:animal_dictionary":2,"minecraft:light_gray_concrete":2,"minecraft:stripped_jungle_log":1,"minecraft:pumpkin_seeds":2,"minecraft:diamond":10,"minecraft:mangrove_wood":1,"minecraft:stone_axe":2,"minecraft:polished_blackstone_pressure_plate":1,"iceandfire:silver_sword":1,"waystones:waystone":7,"minecraft:iron_helmet":3,"minecraft:granite":4,"scalinghealth:cursed_heart":4,"minecraft:bread":258,"minecraft:emerald":5,"tombstone:magic_scroll":1,"minecraft:oak_sapling":10,"minecraft:stripped_dark_oak_log":2,"minecraft:coal":505,"minecraft:ender_pearl":2},"minecraft:mined":{"minecraft:infested_deepslate":1,"minecraft:dark_oak_planks":1,"minecraft:diamond_ore":2,"minecraft:tuff":111,"minecraft:white_bed":1,"minecraft:deepslate_diamond_ore":8,"minecraft:granite":4,"minecraft:grass_block":6,"minecraft:coal_block":5,"minecraft:spruce_leaves":1,"minecraft:large_fern":1,"minecraft:hay_block":88,"minecraft:black_stained_glass_pane":2,"minecraft:redstone_ore":5,"minecraft:furnace":1,"minecraft:iron_ore":20,"minecraft:cobbled_deepslate":6,"minecraft:andesite":32,"minecraft:stripped_spruce_log":1,"minecraft:anvil":9,"minecraft:deepslate_lapis_ore":21,"minecraft:deepslate_iron_ore":43,"minecraft:green_candle":1,"minecraft:stone":160,"minecraft:podzol":1,"minecraft:deepslate_redstone_ore":16,"minecraft:gray_concrete":1,"minecraft:crafting_table":17,"minecraft:torch":4,"minecraft:blast_furnace":10,"minecraft:chest":13,"minecraft:tall_grass":1,"minecraft:cobblestone":34,"minecraft:deepslate_coal_ore":27,"minecraft:deepslate_gold_ore":56,"minecraft:cyan_bed":1,"minecraft:oak_planks":2,"minecraft:wall_torch":8,"minecraft:deepslate_copper_ore":12,"minecraft:birch_planks":2,"minecraft:tinted_glass":2,"minecraft:birch_log":5,"minecraft:birch_leaves":1,"minecraft:yellow_bed":4,"minecraft:grass":9,"snowrealmagic:stairs":1,"minecraft:coal_ore":86,"minecraft:oak_log":8,"minecraft:gravel":1,"minecraft:dirt":2,"minecraft:gold_ore":2,"minecraft:deepslate_emerald_ore":4,"minecraft:deepslate":337,"minecraft:infested_stone":2,"minecraft:warped_slab":4},"minecraft:crafted":{"minecraft:oak_planks":64,"minecraft:iron_boots":1,"minecraft:iron_axe":1,"minecraft:stone_pickaxe":1,"minecraft:wheat":387,"minecraft:coal_block":10,"minecraft:oak_slab":6,"minecraft:crafting_table":1,"minecraft:wooden_pickaxe":1,"minecraft:iron_helmet":1,"minecraft:copper_ingot":40,"scalinghealth:heart_crystal":2,"minecraft:bucket":2,"epicfight:stone_greatsword":4,"minecraft:birch_planks":20,"minecraft:bread":129,"minecraft:air":0,"minecraft:iron_chestplate":1,"minecraft:shield":1,"minecraft:stick":44,"minecraft:iron_ingot":55,"minecraft:iron_pickaxe":4,"minecraft:gold_ingot":63,"minecraft:iron_leggings":1,"minecraft:torch":112},"minecraft:dropped":{"minecraft:enchanted_book":1,"minecraft:iron_ingot":27,"minecraft:bread":65,"minecraft:iron_sword":1,"minecraft:stripped_spruce_log":1,"minecraft:acacia_wood":1,"minecraft:wheat_seeds":4,"minecraft:lapis_lazuli":15,"minecraft:oak_log":4,"scalinghealth:cursed_heart":2,"minecraft:iron_helmet":3,"minecraft:cobblestone":148,"minecraft:book":2,"minecraft:spectral_arrow":1,"minecraft:granite":4,"minecraft:iron_horse_armor":1,"minecraft:copper_ingot":45,"minecraft:stripped_jungle_log":1,"minecraft:acacia_log":1,"biomemakeover:stripped_blighted_balsa_log":1,"minecraft:coal":3,"minecraft:stick":2,"minecraft:torch":81,"minecraft:mangrove_wood":1,"iceandfire:silver_sword":1,"minecraft:mutton":6,"alexsmobs:flying_fish":1,"epicfight:iron_greatsword":1,"tombstone:grave_dust":5,"minecraft:iron_leggings":2,"minecraft:gold_nugget":14,"epicfight:stone_greatsword":5,"minecraft:wither_rose":1,"minecraft:iron_pickaxe":3,"minecraft:bucket":1,"minecraft:redstone":94,"minecraft:cobbled_deepslate":204,"minecraft:tuff":6,"minecraft:netherite_sword":1,"tombstone:gift":1,"minecraft:stripped_dark_oak_log":2,"minecraft:rotten_flesh":5,"minecraft:oak_planks":87,"minecraft:iron_boots":1,"minecraft:smoker":1,"minecraft:glowstone_dust":8,"minecraft:pumpkin_seeds":2,"minecraft:filled_map":1,"minecraft:hay_block":13,"minecraft:iron_chestplate":3,"minecraft:yellow_bed":1,"cataclysm:void_scatter_arrow":2,"minecraft:oak_sapling":10,"minecraft:stripped_cherry_log":1,"minecraft:arrow":3,"minecraft:stone_pickaxe":1,"minecraft:wooden_pickaxe":2,"scalinghealth:bandages":3}},"DataVersion":3465}