{"stats":{"minecraft:killed":{"hordes:zombie_player":5,"minecraft:zombie":3},"minecraft:custom":{"minecraft:mob_kills":8,"minecraft:interact_with_crafting_table":8,"minecraft:leave_game":1,"minecraft:time_since_death":939,"minecraft:sleep_in_bed":3,"minecraft:time_since_rest":171,"minecraft:sprint_one_cm":243386,"minecraft:damage_taken":1784,"minecraft:walk_one_cm":106651,"minecraft:drop":45,"minecraft:damage_dealt":1762,"minecraft:swim_one_cm":110015,"minecraft:fly_one_cm":477074,"minecraft:open_chest":3,"minecraft:crouch_one_cm":15867,"minecraft:play_time":52072,"tombstone:undead_killed":8,"minecraft:deaths":12,"minecraft:sneak_time":3082,"minecraft:walk_under_water_one_cm":33778,"minecraft:jump":1183,"minecraft:walk_on_water_one_cm":21118,"minecraft:total_world_time":52072,"minecraft:fall_one_cm":21944},"minecraft:mined":{"minecraft:white_bed":1,"minecraft:crafting_table":5,"minecraft:grass_block":4,"minecraft:cobblestone":15,"minecraft:hay_block":85,"minecraft:birch_log":5,"minecraft:iron_ore":8,"minecraft:birch_leaves":1,"minecraft:yellow_bed":3,"minecraft:grass":9,"minecraft:oak_log":8,"minecraft:coal_ore":59,"minecraft:gravel":1,"minecraft:stone":56},"minecraft:dropped":{"minecraft:bread":26,"minecraft:wheat_seeds":1,"minecraft:rotten_flesh":1,"minecraft:oak_planks":7,"minecraft:pumpkin_seeds":2,"minecraft:hay_block":13,"minecraft:yellow_bed":1,"tombstone:grave_dust":4,"epicfight:stone_greatsword":1,"minecraft:arrow":1,"minecraft:wooden_pickaxe":1,"scalinghealth:bandages":3},"minecraft:killed_by":{"minecraft:skeleton":2,"minecraft:creeper":2,"minecraft:spider":1,"hordes:zombie_player":2,"minecraft:drowned":4,"hordes:drowned_player":1},"minecraft:used":{"minecraft:stone_pickaxe":112,"minecraft:oak_planks":8,"minecraft:wooden_pickaxe":4,"minecraft:torch":1,"minecraft:dirt":11,"minecraft:crafting_table":3,"minecraft:apple":4,"minecraft:iron_axe":1,"minecraft:bread":16,"minecraft:iron_pickaxe":23,"minecraft:iron_helmet":1,"minecraft:gravel":2,"epicfight:stone_greatsword":15,"minecraft:stone_axe":2,"minecraft:cobblestone":46,"tombstone:gift":2,"minecraft:yellow_bed":2,"minecraft:egg":1},"minecraft:picked_up":{"minecraft:birch_log":5,"minecraft:crafting_table":6,"minecraft:wooden_pickaxe":1,"minecraft:potato":8,"minecraft:birch_planks":1,"scalinghealth:bandages":3,"minecraft:oak_log":16,"minecraft:yellow_bed":5,"minecraft:dirt":61,"minecraft:bone":1,"minecraft:wheat_seeds":1,"minecraft:stone_pickaxe":1,"minecraft:iron_pickaxe":2,"minecraft:oak_planks":25,"minecraft:egg":1,"minecraft:stick":2,"minecraft:raw_iron":8,"scalinghealth:heart_crystal_shard":4,"minecraft:gravel":3,"iceandfire:rotten_egg":1,"tombstone:grave_dust":5,"minecraft:white_bed":1,"alexsmobs:animal_dictionary":2,"minecraft:pumpkin_seeds":2,"minecraft:arrow":1,"minecraft:rotten_flesh":1,"minecraft:stone_axe":1,"waystones:waystone":1,"minecraft:hay_block":82,"minecraft:bread":65,"minecraft:coal":59,"minecraft:cobblestone":78},"minecraft:crafted":{"minecraft:oak_planks":64,"minecraft:crafting_table":1,"minecraft:wooden_pickaxe":1,"epicfight:stone_greatsword":1,"minecraft:birch_planks":20,"minecraft:bread":81,"minecraft:iron_axe":1,"minecraft:stick":12,"minecraft:iron_pickaxe":1,"minecraft:torch":24,"minecraft:wheat":243}},"DataVersion":3465}