{"stats":{"minecraft:used":{"minecraft:moss_carpet":1,"minecraft:armor_stand":5,"minecraft:ladder":1,"minecraft:chest":1,"minecraft:spruce_planks":16,"minecraft:iron_sword":4,"minecraft:cooked_chicken":1,"minecraft:iron_chestplate":1,"minecraft:torch":1,"minecraft:dirt":53,"epicfight:iron_greatsword":9,"minecraft:spruce_wood":1,"minecraft:iron_axe":11,"minecraft:rooted_dirt":3,"minecraft:stone_bricks":2,"minecraft:item_frame":3,"minecraft:bow":3,"minecraft:sweet_berries":9,"minecraft:scaffolding":2,"tombstone:gift":1,"minecraft:egg":1,"minecraft:water_bucket":1,"minecraft:diamond_boots":1,"minecraft:cobblestone_stairs":3,"minecraft:wooden_pickaxe":8,"minecraft:spruce_sign":1,"securitycraft:cobblestone_mine":11,"iceandfire:armor_silver_metal_boots":1,"minecraft:tnt":3,"minecraft:crafting_table":2,"minecraft:white_bed":3,"minecraft:stone_brick_wall":2,"minecraft:spruce_log":2,"iceandfire:armor_silver_metal_chestplate":1,"minecraft:warped_trapdoor":1,"minecraft:zombie_head":1,"minecraft:birch_slab":1,"minecraft:bread":18,"minecraft:stone_button":1,"minecraft:iron_pickaxe":23,"minecraft:leather_helmet":1,"minecraft:gravel":5,"minecraft:bucket":2,"minecraft:yellow_bed":1,"minecraft:experience_bottle":2},"minecraft:picked_up":{"minecraft:iron_chestplate":3,"minecraft:crafting_table":4,"minecraft:wheat":1,"minecraft:creeper_head":2,"minecraft:ladder":1,"minecraft:clay_ball":4,"minecraft:leather_leggings":3,"minecraft:wooden_pickaxe":1,"minecraft:oak_stairs":2,"minecraft:stone_brick_wall":9,"minecraft:enchanted_book":2,"minecraft:string":4,"minecraft:moss_carpet":3,"minecraft:iron_axe":2,"minecraft:wooden_sword":2,"minecraft:iron_leggings":2,"minecraft:item_frame":5,"minecraft:armor_stand":8,"minecraft:zombie_head":1,"minecraft:experience_bottle":2,"alexsmobs:emu_feather":2,"minecraft:spruce_planks":62,"minecraft:beef":4,"minecraft:rose_bush":1,"minecraft:iron_pickaxe":2,"minecraft:sugar_cane":9,"minecraft:chest":1,"minecraft:egg":1,"minecraft:stick":10,"minecraft:torch":1,"minecraft:spruce_stairs":2,"minecraft:stone_button":1,"tombstone:grave_dust":1,"minecraft:tnt":7,"minecraft:arrow":9,"minecraft:rotten_flesh":7,"minecraft:peony":1,"minecraft:diamond_boots":3,"minecraft:hay_block":31,"minecraft:gold_ingot":19,"minecraft:white_wool":1,"minecraft:pink_petals":3,"minecraft:leather_chestplate":3,"minecraft:water_bucket":2,"minecraft:leather":2,"scalinghealth:bandages":2,"minecraft:oak_log":7,"minecraft:warped_trapdoor":1,"minecraft:yellow_bed":1,"minecraft:cobblestone_stairs":3,"minecraft:dirt":185,"tombstone:gift":2,"minecraft:white_banner":1,"scalinghealth:medkit":6,"minecraft:bone":9,"minecraft:apple":22,"minecraft:stone_bricks":32,"epicfight:iron_greatsword":1,"minecraft:bow":3,"securitycraft:cobblestone_mine":54,"minecraft:wheat_seeds":8,"minecraft:spruce_wood":15,"minecraft:iron_ingot":31,"minecraft:cooked_chicken":1,"minecraft:cobweb":45,"minecraft:oak_planks":33,"minecraft:book":13,"minecraft:scaffolding":2,"scalinghealth:heart_crystal_shard":18,"minecraft:sweet_berries":6,"minecraft:gravel":11,"minecraft:sand":5,"minecraft:white_bed":3,"minecraft:spruce_log":24,"minecraft:dark_oak_fence_gate":1,"minecraft:leather_helmet":2,"minecraft:bundle":1,"minecraft:diamond":6,"waystones:waystone":2,"minecraft:iron_helmet":1,"scalinghealth:cursed_heart":1,"minecraft:golden_apple":3,"minecraft:emerald":12,"minecraft:spruce_sign":1,"minecraft:bread":187,"minecraft:oak_button":1,"minecraft:rooted_dirt":3,"tombstone:magic_scroll":1,"minecraft:coal":39},"minecraft:dropped":{"minecraft:iron_sword":1,"minecraft:wheat_seeds":8,"scalinghealth:cursed_heart":1,"minecraft:book":1,"minecraft:spruce_stairs":2,"minecraft:golden_apple":1,"minecraft:birch_slab":64,"minecraft:leather_helmet":3,"minecraft:item_frame":2,"minecraft:rose_bush":2,"minecraft:wooden_sword":1,"minecraft:oak_stairs":2,"alexsmobs:emu_feather":2,"minecraft:white_banner":1,"minecraft:string":2,"minecraft:pink_petals":3,"minecraft:bone":4,"minecraft:armor_stand":3,"minecraft:gravel":3,"minecraft:moss_carpet":1,"minecraft:wheat":1,"minecraft:rotten_flesh":4,"minecraft:clay_ball":4,"minecraft:dark_oak_fence_gate":1,"minecraft:leather_chestplate":3,"minecraft:bundle":1,"minecraft:peony":1,"minecraft:iron_chestplate":2,"minecraft:stone_brick_wall":7,"minecraft:leather_leggings":2,"minecraft:diamond_boots":2,"minecraft:wooden_pickaxe":1},"minecraft:crafted":{"minecraft:oak_planks":20,"minecraft:iron_axe":1,"minecraft:oak_button":1,"minecraft:wheat":144,"minecraft:crafting_table":2,"minecraft:spruce_planks":84,"minecraft:bread":48,"minecraft:stick":12,"minecraft:iron_pickaxe":2,"minecraft:torch":24},"minecraft:killed_by":{"minecraft:stray":1,"minecraft:creeper":1,"hordes:zombie_player":4,"iceandfire:ice_dragon":1,"minecraft:skeleton":2,"minecraft:zombie":2,"alexsmobs:grizzly_bear":1,"minecraft:pig":1},"minecraft:killed":{"hordes:zombie_player":5,"minecraft:cow":1},"minecraft:mined":{"minecraft:white_bed":1,"minecraft:cobblestone_stairs":3,"minecraft:stone_button":1,"minecraft:stone_brick_wall":2,"minecraft:spruce_leaves":1,"minecraft:hay_block":21,"minecraft:fire":9,"minecraft:barrel":1,"minecraft:peony":1,"minecraft:spruce_wood":5,"minecraft:white_wool":1,"minecraft:oak_slab":1,"minecraft:crafting_table":2,"minecraft:chest":2,"minecraft:tall_grass":3,"minecraft:spruce_stairs":3,"minecraft:sweet_berry_bush":4,"minecraft:creeper_head":1,"minecraft:spruce_log":4,"minecraft:tnt":5,"minecraft:white_wall_banner":1,"minecraft:yellow_bed":2,"minecraft:grass":7,"minecraft:coal_ore":15,"minecraft:oak_log":6,"minecraft:gravel":4,"minecraft:stone_bricks":10,"minecraft:fern":1},"minecraft:custom":{"minecraft:mob_kills":21,"minecraft:interact_with_crafting_table":6,"minecraft:open_barrel":11,"minecraft:bell_ring":1,"minecraft:eat_cake_slice":2,"minecraft:time_since_death":2083,"minecraft:climb_one_cm":2628,"minecraft:sprint_one_cm":431010,"minecraft:walk_one_cm":184126,"minecraft:drop":45,"minecraft:play_time":63278,"minecraft:deaths":15,"minecraft:sneak_time":4201,"minecraft:walk_under_water_one_cm":3361,"minecraft:jump":1777,"minecraft:walk_on_water_one_cm":13971,"minecraft:total_world_time":63278,"minecraft:interact_with_furnace":1,"minecraft:sleep_in_bed":6,"minecraft:time_since_rest":2074,"minecraft:damage_taken":2759,"tombstone:sneak_grave":2,"minecraft:damage_dealt":1312,"minecraft:swim_one_cm":26664,"minecraft:fly_one_cm":756668,"minecraft:open_chest":24,"minecraft:crouch_one_cm":26548,"tombstone:undead_killed":5,"minecraft:fall_one_cm":41749}},"DataVersion":3465}