{"stats":{"minecraft:broken":{"minecraft:stone_pickaxe":1,"minecraft:iron_pickaxe":3},"minecraft:used":{"minecraft:chest":1,"minecraft:shield":5,"minecraft:stone":80,"minecraft:quartz_stairs":1,"alexsmobs:shield_of_the_deep":4,"minecraft:iron_chestplate":1,"minecraft:tuff":90,"minecraft:snowball":2,"minecraft:stripped_spruce_log":1,"minecraft:quartz_pillar":1,"minecraft:iron_helmet":1,"minecraft:brown_carpet":9,"minecraft:egg":1,"minecraft:dark_oak_stairs":1,"epicfight:skillbook":3,"minecraft:gray_carpet":1,"minecraft:stone_pickaxe":130,"minecraft:oak_planks":23,"minecraft:wooden_pickaxe":4,"minecraft:diamond_axe":17,"minecraft:dark_oak_trapdoor":2,"epicfight:diamond_spear":195,"minecraft:blast_furnace":5,"waystones:waystone":1,"minecraft:light_gray_concrete":2,"minecraft:cyan_bed":1,"minecraft:bread":99,"minecraft:warped_slab":8,"tombstone:grave_key":5,"minecraft:gravel":2,"minecraft:green_candle":1,"minecraft:dark_oak_fence":2,"minecraft:andesite":38,"minecraft:experience_bottle":131,"minecraft:netherite_sword":14,"minecraft:rose_bush":1,"minecraft:flint_and_steel":2,"tombstone:scroll_of_frost_resistance":2,"minecraft:spruce_planks":23,"minecraft:tinted_glass":1,"minecraft:torch":92,"minecraft:dirt":19,"minecraft:spyglass":28,"minecraft:anvil":2,"scalinghealth:heart_crystal":4,"minecraft:diamond_helmet":1,"minecraft:dark_oak_planks":2,"epicfight:iron_greatsword":31,"minecraft:iron_axe":42,"minecraft:iron_boots":1,"epicfight:stone_greatsword":22,"minecraft:diamond_chestplate":1,"minecraft:iron_trapdoor":1,"minecraft:wolf_spawn_egg":6,"minecraft:deepslate_tile_stairs":1,"minecraft:acacia_wood":1,"tombstone:gift":3,"minecraft:cobbled_deepslate":35,"minecraft:iron_leggings":1,"minecraft:deepslate_emerald_ore":64,"minecraft:water_bucket":18,"minecraft:mossy_cobblestone":1,"minecraft:polished_blackstone_pressure_plate":1,"minecraft:oak_slab":6,"minecraft:crafting_table":17,"minecraft:red_bed":3,"minecraft:spruce_log":2,"minecraft:diamond_pickaxe":15,"minecraft:apple":4,"minecraft:iron_pickaxe":968,"minecraft:stone_axe":24,"minecraft:green_carpet":11,"minecraft:cobblestone":126,"minecraft:potion":6,"minecraft:bucket":20,"minecraft:yellow_bed":4},"minecraft:crafted":{"minecraft:oak_planks":68,"minecraft:iron_boots":1,"minecraft:oak_slab":6,"minecraft:diamond_axe":1,"minecraft:crafting_table":2,"minecraft:spruce_planks":100,"minecraft:wooden_pickaxe":1,"minecraft:iron_helmet":1,"minecraft:copper_ingot":40,"minecraft:birch_planks":20,"minecraft:iron_chestplate":1,"minecraft:diamond_pickaxe":1,"minecraft:shield":1,"sophisticatedbackpacks:diamond_backpack":1,"minecraft:stick":44,"minecraft:iron_ingot":55,"minecraft:iron_pickaxe":4,"minecraft:gold_ingot":63,"minecraft:iron_axe":1,"minecraft:stone_pickaxe":1,"minecraft:wheat":387,"sophisticatedbackpacks:iron_backpack":1,"minecraft:coal_block":10,"sophisticatedbackpacks:gold_backpack":1,"scalinghealth:heart_crystal":2,"epicfight:stone_greatsword":4,"minecraft:bucket":2,"minecraft:bread":129,"minecraft:air":0,"minecraft:iron_leggings":1,"minecraft:torch":112},"minecraft:mined":{"minecraft:dark_oak_planks":3,"minecraft:spruce_planks":8,"minecraft:white_bed":1,"minecraft:granite":4,"minecraft:grass_block":6,"minecraft:coal_block":7,"minecraft:spawner":2,"minecraft:dark_oak_trapdoor":2,"minecraft:iron_ore":20,"minecraft:cobbled_deepslate":6,"minecraft:fire":1,"minecraft:deepslate_lapis_ore":21,"minecraft:anvil":9,"minecraft:dark_oak_stairs":1,"minecraft:green_carpet":3,"minecraft:deepslate_redstone_ore":16,"minecraft:red_bed":2,"minecraft:torch":9,"minecraft:blast_furnace":10,"minecraft:chest":13,"minecraft:cobblestone":34,"minecraft:cyan_bed":1,"minecraft:oak_planks":3,"minecraft:wall_torch":13,"minecraft:deepslate_copper_ore":12,"minecraft:tinted_glass":2,"minecraft:birch_log":5,"minecraft:lilac":1,"minecraft:grass":12,"minecraft:oak_log":8,"minecraft:dirt":2,"minecraft:deepslate":337,"minecraft:infested_deepslate":1,"minecraft:diamond_ore":2,"minecraft:tuff":111,"minecraft:mossy_cobblestone":1,"minecraft:deepslate_diamond_ore":8,"minecraft:dark_oak_fence":2,"minecraft:spruce_leaves":10,"minecraft:large_fern":3,"minecraft:hay_block":90,"minecraft:black_stained_glass_pane":2,"minecraft:redstone_ore":5,"minecraft:furnace":1,"minecraft:andesite":32,"minecraft:stripped_spruce_log":1,"minecraft:bookshelf":7,"minecraft:deepslate_iron_ore":43,"minecraft:vine":1,"minecraft:green_candle":1,"minecraft:stone":172,"minecraft:podzol":1,"minecraft:gray_concrete":1,"minecraft:brown_carpet":8,"minecraft:crafting_table":17,"minecraft:rose_bush":1,"minecraft:tall_grass":1,"minecraft:deepslate_coal_ore":28,"minecraft:deepslate_gold_ore":56,"minecraft:birch_planks":2,"minecraft:spruce_log":23,"minecraft:birch_leaves":1,"minecraft:mangrove_leaves":10,"minecraft:yellow_bed":4,"snowrealmagic:stairs":1,"minecraft:coal_ore":94,"minecraft:gravel":1,"minecraft:gold_ore":2,"minecraft:deepslate_emerald_ore":68,"minecraft:iron_trapdoor":1,"minecraft:fern":2,"minecraft:infested_stone":2,"minecraft:warped_slab":4},"minecraft:custom":{"minecraft:interact_with_crafting_table":43,"minecraft:open_barrel":58,"minecraft:bell_ring":2,"minecraft:eat_cake_slice":4,"minecraft:leave_game":12,"minecraft:time_since_death":4023,"minecraft:sprint_one_cm":1118829,"minecraft:damage_blocked_by_shield":549,"minecraft:drop":212,"minecraft:talked_to_villager":1,"minecraft:play_time":379671,"minecraft:deaths":48,"minecraft:jump":4679,"minecraft:interact_with_brewingstand":1,"minecraft:walk_on_water_one_cm":64915,"minecraft:interact_with_furnace":2,"minecraft:sleep_in_bed":5,"minecraft:waystone_activated":2,"tombstone:sneak_grave":2,"minecraft:damage_dealt":17691,"minecraft:player_kills":1,"minecraft:crouch_one_cm":111538,"tombstone:undead_killed":36,"minecraft:interact_with_smoker":1,"minecraft:interact_with_smithing_table":1,"minecraft:mob_kills":87,"minecraft:interact_with_anvil":1,"minecraft:inspect_hopper":1,"minecraft:damage_dealt_resisted":258,"minecraft:climb_one_cm":5441,"minecraft:walk_one_cm":776606,"minecraft:sneak_time":22409,"minecraft:walk_under_water_one_cm":72858,"minecraft:interact_with_blast_furnace":58,"minecraft:total_world_time":379671,"tombstone:raider_killed":4,"minecraft:time_since_rest":3758,"minecraft:damage_taken":9011,"tombstone:cast_on_ally":4,"minecraft:swim_one_cm":191127,"minecraft:fly_one_cm":1587193,"minecraft:open_chest":100,"minecraft:fall_one_cm":99563},"minecraft:dropped":{"minecraft:iron_sword":1,"minecraft:acacia_wood":1,"minecraft:dark_oak_stairs":1,"sophisticatedbackpacks:stack_upgrade_tier_1":1,"minecraft:lapis_lazuli":15,"minecraft:oak_log":4,"minecraft:glass_bottle":5,"minecraft:iron_horse_armor":1,"minecraft:leather_helmet":2,"minecraft:mangrove_wood":1,"minecraft:dark_oak_trapdoor":1,"minecraft:mutton":6,"alexsmobs:flying_fish":1,"minecraft:snowball":1,"minecraft:gold_nugget":14,"tombstone:scroll_of_frost_resistance":1,"minecraft:iron_pickaxe":6,"minecraft:golden_chestplate":1,"minecraft:cobbled_deepslate":204,"minecraft:netherite_sword":1,"tombstone:gift":3,"minecraft:stripped_dark_oak_log":2,"minecraft:rotten_flesh":34,"minecraft:oak_planks":87,"minecraft:glowstone_dust":8,"minecraft:chainmail_chestplate":1,"minecraft:leather_leggings":2,"minecraft:arrow":10,"minecraft:enchanted_book":1,"minecraft:iron_ingot":28,"minecraft:bread":65,"minecraft:stripped_spruce_log":1,"minecraft:wheat_seeds":4,"minecraft:lilac":1,"scalinghealth:cursed_heart":6,"minecraft:iron_helmet":4,"minecraft:cobblestone":150,"minecraft:book":2,"minecraft:spectral_arrow":1,"minecraft:granite":4,"minecraft:copper_ingot":45,"minecraft:stripped_jungle_log":1,"minecraft:acacia_log":1,"minecraft:chainmail_helmet":1,"biomemakeover:stripped_blighted_balsa_log":1,"minecraft:coal":4,"minecraft:stick":2,"tombstone:magic_scroll":1,"minecraft:torch":81,"tombstone:grave_key":2,"iceandfire:silver_sword":1,"minecraft:rose_bush":1,"epicfight:iron_greatsword":2,"tombstone:grave_dust":11,"minecraft:iron_leggings":2,"epicfight:stone_greatsword":5,"minecraft:wither_rose":1,"minecraft:iron_axe":1,"minecraft:string":2,"minecraft:bucket":1,"minecraft:redstone":94,"alexsmobs:shield_of_the_deep":1,"minecraft:stone_sword":1,"minecraft:tuff":6,"minecraft:iron_boots":4,"minecraft:smoker":1,"minecraft:pumpkin_seeds":2,"minecraft:filled_map":1,"minecraft:hay_block":13,"minecraft:spruce_planks":61,"minecraft:bundle":1,"minecraft:iron_chestplate":4,"minecraft:yellow_bed":1,"cataclysm:void_scatter_arrow":2,"minecraft:oak_sapling":10,"minecraft:stripped_cherry_log":1,"minecraft:spruce_log":1,"minecraft:stone_pickaxe":1,"minecraft:wooden_pickaxe":2,"scalinghealth:bandages":3,"epicfight:skillbook":2},"minecraft:picked_up":{"cataclysm:void_scatter_arrow":7,"minecraft:iron_chestplate":6,"minecraft:iron_trapdoor":1,"minecraft:anvil":8,"minecraft:potion":11,"minecraft:wither_rose":1,"minecraft:enchanted_book":2,"tombstone:grave_key":1,"minecraft:string":5,"minecraft:dark_oak_trapdoor":3,"minecraft:raw_copper":40,"minecraft:iron_leggings":6,"minecraft:experience_bottle":320,"minecraft:gold_nugget":14,"minecraft:cobbled_deepslate":1282,"minecraft:bucket":4,"minecraft:spruce_planks":153,"minecraft:rose_bush":2,"minecraft:warped_slab":8,"minecraft:calcite":1,"minecraft:iron_pickaxe":13,"minecraft:coal_block":7,"minecraft:iron_boots":6,"minecraft:stick":4,"minecraft:torch":258,"minecraft:acacia_log":1,"epicfight:skillbook":2,"minecraft:golden_axe":1,"iceandfire:rotten_egg":1,"tombstone:grave_dust":7,"minecraft:deepslate_tile_stairs":1,"minecraft:goat_horn":1,"minecraft:brown_carpet":9,"minecraft:rotten_flesh":65,"minecraft:obsidian":29,"minecraft:iron_bars":5,"minecraft:snowball":1,"alexsmobs:flying_fish":1,"minecraft:cobblestone":344,"minecraft:birch_log":5,"minecraft:leather_chestplate":1,"minecraft:lilac":1,"minecraft:water_bucket":5,"minecraft:andesite":58,"minecraft:smoker":1,"minecraft:potato":9,"paraglider:spirit_orb":4,"minecraft:tuff":354,"minecraft:lapis_lazuli":410,"minecraft:dirt":70,"minecraft:leather_boots":1,"minecraft:bone":205,"epicfight:iron_greatsword":4,"minecraft:bow":1,"minecraft:wheat_seeds":4,"minecraft:green_candle":1,"minecraft:raw_gold":78,"minecraft:diamond_helmet":1,"minecraft:glowstone_dust":8,"minecraft:oak_planks":241,"minecraft:stripped_spruce_log":2,"minecraft:cyan_bed":5,"minecraft:spectral_arrow":2,"alexsmobs:animal_dictionary":2,"minecraft:mossy_cobblestone":1,"minecraft:light_gray_concrete":2,"minecraft:bundle":1,"minecraft:diamond":10,"minecraft:mangrove_wood":1,"minecraft:polished_blackstone_pressure_plate":1,"waystones:waystone":8,"minecraft:granite":4,"minecraft:golden_apple":2,"minecraft:bread":355,"scalinghealth:cursed_heart":11,"minecraft:emerald":69,"minecraft:chainmail_helmet":1,"minecraft:oak_sapling":10,"minecraft:dark_oak_fence":2,"minecraft:diamond_pickaxe":1,"minecraft:crafting_table":24,"biomemakeover:stripped_blighted_balsa_log":1,"minecraft:wooden_pickaxe":1,"minecraft:stripped_cherry_log":1,"minecraft:shield":6,"minecraft:red_bed":2,"minecraft:flint_and_steel":2,"minecraft:iron_axe":2,"minecraft:wooden_sword":1,"minecraft:tinted_glass":2,"minecraft:quartz_stairs":1,"minecraft:chest":26,"minecraft:egg":1,"minecraft:raw_iron":73,"minecraft:stone":285,"epicfight:diamond_spear":1,"minecraft:copper_ingot":10,"sophisticatedbackpacks:backpack":1,"minecraft:quartz_pillar":1,"minecraft:carrot":1,"minecraft:redstone":94,"minecraft:iron_horse_armor":1,"minecraft:dark_oak_planks":2,"minecraft:diamond_chestplate":1,"minecraft:arrow":13,"minecraft:hay_block":103,"minecraft:gold_ingot":108,"minecraft:mutton":6,"iceandfire:silver_axe":1,"minecraft:acacia_wood":2,"minecraft:filled_map":2,"minecraft:birch_planks":2,"minecraft:oak_log":83,"scalinghealth:bandages":10,"minecraft:yellow_bed":6,"scalinghealth:heart_crystal":5,"tombstone:gift":1,"minecraft:apple":20,"minecraft:gray_carpet":1,"minecraft:deepslate_emerald_ore":64,"minecraft:iron_ingot":75,"minecraft:stone_pickaxe":1,"minecraft:glass_bottle":2,"minecraft:iron_sword":1,"minecraft:dark_oak_stairs":2,"sophisticatedbackpacks:diamond_backpack":1,"minecraft:book":21,"scalinghealth:heart_crystal_shard":195,"epicfight:stone_greatsword":1,"minecraft:spyglass":2,"minecraft:gravel":3,"minecraft:lava_bucket":1,"minecraft:blast_furnace":13,"minecraft:white_bed":1,"minecraft:spruce_log":25,"minecraft:green_carpet":11,"minecraft:stripped_jungle_log":1,"minecraft:pumpkin_seeds":2,"minecraft:stone_axe":2,"iceandfire:silver_sword":1,"minecraft:iron_helmet":5,"minecraft:diamond_axe":1,"tombstone:magic_scroll":4,"minecraft:stripped_dark_oak_log":2,"minecraft:coal":514,"minecraft:ender_pearl":2},"minecraft:killed_by":{"iceandfire:cyclops":1,"minecraft:creeper":4,"minecraft:zombie_horse":1,"minecraft:drowned":4,"hordes:drowned_player":1,"man:managgresive":1,"minecraft:silverfish":2,"iceandfire:ice_dragon":1,"minecraft:zombie":5,"iceandfire:fire_dragon":1,"minecraft:husk":5,"minecraft:wolf":1,"minecraft:stray":1,"minecraft:spider":1,"hordes:zombie_player":3,"minecraft:skeleton":14},"minecraft:killed":{"minecraft:cave_spider":1,"minecraft:spider":2,"minecraft:skeleton":5,"minecraft:silverfish":2,"minecraft:pillager":4,"minecraft:zombie":9,"hordes:zombie_player":12,"alexsmobs:flying_fish":1,"minecraft:husk":10}},"DataVersion":3465}