{"stats":{"minecraft:killed":{"hordes:zombie_player":7,"minecraft:skeleton":1,"minecraft:zombie":3},"minecraft:custom":{"minecraft:mob_kills":11,"minecraft:inspect_hopper":1,"minecraft:interact_with_crafting_table":16,"minecraft:open_barrel":4,"minecraft:leave_game":2,"minecraft:time_since_death":9188,"minecraft:climb_one_cm":3214,"minecraft:sprint_one_cm":433769,"minecraft:walk_one_cm":228679,"minecraft:damage_blocked_by_shield":291,"minecraft:drop":89,"minecraft:play_time":109776,"minecraft:deaths":22,"minecraft:sneak_time":6247,"minecraft:walk_under_water_one_cm":37537,"minecraft:jump":2316,"minecraft:interact_with_blast_furnace":1,"minecraft:walk_on_water_one_cm":26223,"minecraft:total_world_time":109776,"minecraft:interact_with_furnace":1,"minecraft:sleep_in_bed":4,"minecraft:time_since_rest":7488,"minecraft:damage_taken":3372,"tombstone:sneak_grave":2,"minecraft:damage_dealt":2865,"minecraft:swim_one_cm":111289,"minecraft:fly_one_cm":851370,"minecraft:open_chest":31,"minecraft:crouch_one_cm":32506,"tombstone:undead_killed":11,"minecraft:fall_one_cm":48589},"minecraft:dropped":{"minecraft:enchanted_book":1,"minecraft:bread":26,"minecraft:iron_sword":1,"minecraft:stripped_spruce_log":1,"minecraft:acacia_wood":1,"minecraft:wheat_seeds":1,"minecraft:oak_log":4,"minecraft:iron_helmet":2,"minecraft:granite":4,"minecraft:iron_horse_armor":1,"minecraft:stripped_jungle_log":1,"minecraft:acacia_log":1,"biomemakeover:stripped_blighted_balsa_log":1,"minecraft:torch":81,"minecraft:mangrove_wood":1,"minecraft:mutton":6,"tombstone:grave_dust":5,"minecraft:wither_rose":1,"epicfight:stone_greatsword":5,"minecraft:iron_pickaxe":2,"minecraft:bucket":1,"tombstone:gift":1,"minecraft:stripped_dark_oak_log":2,"minecraft:rotten_flesh":5,"minecraft:oak_planks":7,"minecraft:smoker":1,"minecraft:pumpkin_seeds":2,"minecraft:filled_map":1,"minecraft:hay_block":13,"minecraft:iron_chestplate":1,"minecraft:yellow_bed":1,"minecraft:oak_sapling":10,"minecraft:stripped_cherry_log":1,"minecraft:wooden_pickaxe":2,"minecraft:arrow":1,"minecraft:stone_pickaxe":1,"scalinghealth:bandages":3},"minecraft:mined":{"minecraft:dark_oak_planks":1,"minecraft:white_bed":1,"minecraft:granite":4,"minecraft:grass_block":5,"minecraft:spruce_leaves":1,"minecraft:hay_block":88,"minecraft:furnace":1,"minecraft:iron_ore":18,"minecraft:andesite":32,"minecraft:stone":69,"minecraft:podzol":1,"minecraft:crafting_table":11,"minecraft:torch":2,"minecraft:blast_furnace":2,"minecraft:chest":3,"minecraft:cobblestone":25,"minecraft:deepslate_coal_ore":1,"minecraft:cyan_bed":1,"minecraft:wall_torch":4,"minecraft:birch_planks":2,"minecraft:birch_log":5,"minecraft:birch_leaves":1,"minecraft:yellow_bed":4,"minecraft:grass":9,"snowrealmagic:stairs":1,"minecraft:oak_log":8,"minecraft:coal_ore":62,"minecraft:gravel":1,"minecraft:dirt":1,"minecraft:warped_slab":4},"minecraft:killed_by":{"iceandfire:cyclops":1,"minecraft:stray":1,"minecraft:creeper":2,"minecraft:spider":1,"hordes:zombie_player":3,"minecraft:drowned":4,"hordes:drowned_player":1,"minecraft:skeleton":8,"iceandfire:fire_dragon":1},"minecraft:used":{"minecraft:chest":1,"minecraft:shield":5,"minecraft:iron_chestplate":1,"minecraft:torch":13,"minecraft:dirt":12,"epicfight:iron_greatsword":5,"minecraft:iron_axe":1,"minecraft:iron_helmet":1,"epicfight:stone_greatsword":22,"minecraft:deepslate_tile_stairs":1,"tombstone:gift":3,"minecraft:egg":1,"minecraft:water_bucket":3,"minecraft:stone_pickaxe":130,"minecraft:oak_planks":8,"minecraft:wooden_pickaxe":4,"minecraft:polished_blackstone_pressure_plate":1,"minecraft:crafting_table":9,"minecraft:apple":4,"minecraft:bread":30,"minecraft:warped_slab":8,"minecraft:iron_pickaxe":85,"minecraft:gravel":2,"minecraft:stone_axe":20,"minecraft:cobblestone":114,"minecraft:andesite":38,"minecraft:bucket":4,"minecraft:yellow_bed":4},"minecraft:broken":{"minecraft:stone_pickaxe":1},"minecraft:picked_up":{"minecraft:crafting_table":16,"cataclysm:void_scatter_arrow":3,"minecraft:iron_chestplate":2,"biomemakeover:stripped_blighted_balsa_log":1,"minecraft:wooden_pickaxe":1,"minecraft:wither_rose":1,"minecraft:enchanted_book":1,"minecraft:stripped_cherry_log":1,"minecraft:shield":1,"minecraft:iron_leggings":2,"minecraft:gold_nugget":14,"minecraft:bucket":3,"minecraft:warped_slab":8,"minecraft:iron_pickaxe":5,"minecraft:chest":7,"minecraft:egg":1,"minecraft:stick":2,"minecraft:raw_iron":28,"minecraft:torch":32,"minecraft:acacia_log":1,"iceandfire:rotten_egg":1,"tombstone:grave_dust":5,"minecraft:deepslate_tile_stairs":1,"minecraft:iron_horse_armor":1,"minecraft:arrow":5,"minecraft:rotten_flesh":15,"minecraft:hay_block":101,"minecraft:gold_ingot":12,"minecraft:obsidian":5,"minecraft:mutton":6,"minecraft:iron_bars":5,"minecraft:cobblestone":173,"minecraft:birch_log":5,"minecraft:andesite":58,"minecraft:smoker":1,"minecraft:acacia_wood":1,"minecraft:potato":8,"minecraft:filled_map":2,"minecraft:birch_planks":2,"minecraft:oak_log":20,"scalinghealth:bandages":10,"minecraft:yellow_bed":6,"scalinghealth:heart_crystal":2,"minecraft:dirt":64,"minecraft:bone":6,"minecraft:apple":10,"minecraft:wheat_seeds":1,"minecraft:iron_ingot":19,"minecraft:stone_pickaxe":1,"minecraft:iron_sword":1,"minecraft:oak_planks":76,"scalinghealth:heart_crystal_shard":51,"epicfight:stone_greatsword":1,"minecraft:gravel":3,"minecraft:stripped_spruce_log":1,"minecraft:blast_furnace":2,"minecraft:white_bed":1,"minecraft:cyan_bed":2,"minecraft:spectral_arrow":2,"alexsmobs:animal_dictionary":2,"minecraft:stripped_jungle_log":1,"minecraft:pumpkin_seeds":2,"minecraft:mangrove_wood":1,"minecraft:stone_axe":2,"minecraft:polished_blackstone_pressure_plate":1,"waystones:waystone":4,"minecraft:iron_helmet":2,"minecraft:granite":4,"minecraft:bread":127,"scalinghealth:cursed_heart":2,"minecraft:oak_sapling":10,"minecraft:stripped_dark_oak_log":2,"minecraft:coal":99},"minecraft:crafted":{"minecraft:oak_planks":64,"minecraft:iron_axe":1,"minecraft:stone_pickaxe":1,"minecraft:wheat":243,"minecraft:crafting_table":1,"minecraft:wooden_pickaxe":1,"scalinghealth:heart_crystal":2,"epicfight:stone_greatsword":4,"minecraft:bucket":2,"minecraft:birch_planks":20,"minecraft:bread":81,"minecraft:shield":1,"minecraft:stick":24,"minecraft:iron_pickaxe":1,"minecraft:torch":64}},"DataVersion":3465}