{"stats":{"minecraft:killed":{"hordes:zombie_player":11,"minecraft:spider":1,"minecraft:skeleton":3,"minecraft:silverfish":2,"alexsmobs:flying_fish":1,"minecraft:zombie":9},"minecraft:broken":{"minecraft:stone_pickaxe":1,"minecraft:iron_pickaxe":3},"minecraft:custom":{"minecraft:interact_with_anvil":1,"minecraft:mob_kills":31,"minecraft:inspect_hopper":1,"minecraft:interact_with_crafting_table":37,"minecraft:open_barrel":47,"minecraft:bell_ring":1,"minecraft:damage_dealt_resisted":133,"minecraft:eat_cake_slice":2,"minecraft:leave_game":9,"minecraft:time_since_death":114,"minecraft:climb_one_cm":5359,"minecraft:sprint_one_cm":887623,"minecraft:walk_one_cm":586937,"minecraft:damage_blocked_by_shield":549,"minecraft:drop":168,"minecraft:play_time":312410,"minecraft:sneak_time":19394,"minecraft:deaths":39,"minecraft:walk_under_water_one_cm":71339,"minecraft:interact_with_brewingstand":1,"minecraft:jump":3978,"minecraft:interact_with_blast_furnace":56,"minecraft:walk_on_water_one_cm":61126,"minecraft:total_world_time":312410,"minecraft:interact_with_furnace":1,"minecraft:sleep_in_bed":5,"minecraft:time_since_rest":1,"minecraft:damage_taken":7145,"tombstone:sneak_grave":2,"minecraft:damage_dealt":6784,"minecraft:swim_one_cm":183492,"minecraft:fly_one_cm":1378730,"minecraft:crouch_one_cm":102057,"minecraft:open_chest":62,"tombstone:undead_killed":23,"minecraft:interact_with_smoker":1,"minecraft:fall_one_cm":84981,"minecraft:interact_with_smithing_table":1},"minecraft:killed_by":{"minecraft:wolf":1,"iceandfire:cyclops":1,"minecraft:stray":1,"minecraft:creeper":4,"minecraft:spider":1,"hordes:zombie_player":3,"minecraft:zombie_horse":1,"minecraft:drowned":4,"hordes:drowned_player":1,"man:managgresive":1,"minecraft:silverfish":2,"minecraft:skeleton":12,"minecraft:zombie":4,"iceandfire:fire_dragon":1},"minecraft:used":{"minecraft:netherite_sword":6,"minecraft:rose_bush":1,"minecraft:flint_and_steel":2,"minecraft:chest":1,"minecraft:shield":5,"minecraft:tinted_glass":1,"minecraft:stone":41,"minecraft:quartz_stairs":1,"alexsmobs:shield_of_the_deep":4,"minecraft:iron_chestplate":1,"minecraft:torch":71,"minecraft:spyglass":4,"minecraft:dirt":19,"scalinghealth:heart_crystal":1,"minecraft:anvil":2,"minecraft:snowball":2,"minecraft:tuff":90,"minecraft:stripped_spruce_log":1,"minecraft:quartz_pillar":1,"epicfight:iron_greatsword":31,"minecraft:iron_axe":13,"minecraft:iron_helmet":1,"minecraft:iron_boots":1,"epicfight:stone_greatsword":22,"minecraft:wolf_spawn_egg":3,"minecraft:deepslate_tile_stairs":1,"minecraft:acacia_wood":1,"tombstone:gift":3,"minecraft:egg":1,"minecraft:cobbled_deepslate":35,"minecraft:water_bucket":15,"epicfight:skillbook":1,"minecraft:stone_pickaxe":130,"minecraft:oak_planks":22,"minecraft:wooden_pickaxe":4,"minecraft:polished_blackstone_pressure_plate":1,"epicfight:diamond_spear":19,"minecraft:oak_slab":6,"minecraft:crafting_table":16,"minecraft:blast_furnace":5,"minecraft:spruce_log":1,"minecraft:apple":4,"minecraft:bread":90,"minecraft:cyan_bed":1,"minecraft:light_gray_concrete":2,"minecraft:warped_slab":8,"minecraft:iron_pickaxe":895,"minecraft:gravel":2,"minecraft:stone_axe":24,"minecraft:green_candle":1,"minecraft:potion":3,"minecraft:cobblestone":122,"minecraft:andesite":38,"minecraft:bucket":17,"minecraft:yellow_bed":4,"minecraft:experience_bottle":64},"minecraft:picked_up":{"cataclysm:void_scatter_arrow":7,"minecraft:iron_chestplate":5,"minecraft:crafting_table":24,"biomemakeover:stripped_blighted_balsa_log":1,"minecraft:anvil":8,"minecraft:wooden_pickaxe":1,"minecraft:enchanted_book":2,"minecraft:wither_rose":1,"minecraft:potion":8,"minecraft:stripped_cherry_log":1,"minecraft:shield":5,"minecraft:iron_axe":1,"minecraft:string":3,"minecraft:raw_copper":40,"minecraft:flint_and_steel":2,"minecraft:iron_leggings":5,"minecraft:experience_bottle":320,"minecraft:gold_nugget":14,"minecraft:cobbled_deepslate":1282,"minecraft:bucket":4,"minecraft:rose_bush":1,"minecraft:warped_slab":8,"minecraft:iron_pickaxe":11,"minecraft:tinted_glass":2,"minecraft:quartz_stairs":1,"minecraft:coal_block":5,"minecraft:chest":26,"minecraft:iron_boots":3,"minecraft:egg":1,"minecraft:raw_iron":73,"minecraft:stick":4,"minecraft:stone":173,"minecraft:copper_ingot":10,"minecraft:torch":192,"minecraft:acacia_log":1,"sophisticatedbackpacks:backpack":1,"minecraft:quartz_pillar":1,"iceandfire:rotten_egg":1,"tombstone:grave_dust":5,"minecraft:redstone":94,"minecraft:deepslate_tile_stairs":1,"minecraft:iron_horse_armor":1,"minecraft:arrow":5,"minecraft:rotten_flesh":48,"minecraft:hay_block":101,"minecraft:gold_ingot":108,"minecraft:mutton":6,"minecraft:obsidian":29,"minecraft:snowball":1,"minecraft:iron_bars":5,"alexsmobs:flying_fish":1,"minecraft:cobblestone":338,"iceandfire:silver_axe":1,"minecraft:birch_log":5,"minecraft:water_bucket":4,"minecraft:andesite":58,"minecraft:smoker":1,"minecraft:acacia_wood":2,"minecraft:potato":8,"minecraft:birch_planks":2,"minecraft:filled_map":2,"minecraft:tuff":354,"minecraft:oak_log":52,"scalinghealth:bandages":10,"minecraft:yellow_bed":6,"scalinghealth:heart_crystal":5,"minecraft:lapis_lazuli":410,"minecraft:dirt":70,"minecraft:bone":200,"minecraft:deepslate_emerald_ore":64,"minecraft:apple":20,"epicfight:iron_greatsword":4,"minecraft:bow":1,"minecraft:wheat_seeds":4,"minecraft:green_candle":1,"minecraft:raw_gold":78,"minecraft:iron_ingot":75,"minecraft:stone_pickaxe":1,"minecraft:glowstone_dust":8,"minecraft:oak_planks":240,"minecraft:iron_sword":1,"scalinghealth:heart_crystal_shard":189,"epicfight:stone_greatsword":1,"minecraft:spyglass":1,"minecraft:gravel":3,"minecraft:lava_bucket":1,"minecraft:stripped_spruce_log":2,"minecraft:spruce_log":2,"minecraft:blast_furnace":13,"minecraft:white_bed":1,"minecraft:cyan_bed":5,"minecraft:spectral_arrow":2,"alexsmobs:animal_dictionary":2,"minecraft:stripped_jungle_log":1,"minecraft:bundle":1,"minecraft:light_gray_concrete":2,"minecraft:pumpkin_seeds":2,"minecraft:mangrove_wood":1,"minecraft:diamond":10,"minecraft:stone_axe":2,"minecraft:polished_blackstone_pressure_plate":1,"iceandfire:silver_sword":1,"waystones:waystone":7,"minecraft:iron_helmet":4,"minecraft:granite":4,"minecraft:emerald":5,"scalinghealth:cursed_heart":6,"minecraft:bread":307,"tombstone:magic_scroll":2,"minecraft:oak_sapling":10,"minecraft:stripped_dark_oak_log":2,"minecraft:coal":505,"minecraft:ender_pearl":2},"minecraft:mined":{"minecraft:infested_deepslate":1,"minecraft:dark_oak_planks":1,"minecraft:diamond_ore":2,"minecraft:tuff":111,"minecraft:white_bed":1,"minecraft:deepslate_diamond_ore":8,"minecraft:granite":4,"minecraft:grass_block":6,"minecraft:coal_block":5,"minecraft:spruce_leaves":7,"minecraft:large_fern":1,"minecraft:hay_block":88,"minecraft:black_stained_glass_pane":2,"minecraft:redstone_ore":5,"minecraft:furnace":1,"minecraft:iron_ore":20,"minecraft:fire":1,"minecraft:cobbled_deepslate":6,"minecraft:andesite":32,"minecraft:stripped_spruce_log":1,"minecraft:anvil":9,"minecraft:deepslate_lapis_ore":21,"minecraft:deepslate_iron_ore":43,"minecraft:vine":1,"minecraft:green_candle":1,"minecraft:stone":166,"minecraft:podzol":1,"minecraft:deepslate_redstone_ore":16,"minecraft:gray_concrete":1,"minecraft:crafting_table":17,"minecraft:torch":4,"minecraft:blast_furnace":10,"minecraft:chest":13,"minecraft:tall_grass":1,"minecraft:cobblestone":34,"minecraft:deepslate_coal_ore":27,"minecraft:deepslate_gold_ore":56,"minecraft:cyan_bed":1,"minecraft:oak_planks":2,"minecraft:wall_torch":8,"minecraft:deepslate_copper_ore":12,"minecraft:birch_planks":2,"minecraft:tinted_glass":2,"minecraft:birch_log":5,"minecraft:birch_leaves":1,"minecraft:yellow_bed":4,"snowrealmagic:stairs":1,"minecraft:grass":12,"minecraft:coal_ore":86,"minecraft:oak_log":8,"minecraft:gravel":1,"minecraft:dirt":2,"minecraft:gold_ore":2,"minecraft:deepslate_emerald_ore":4,"minecraft:deepslate":337,"minecraft:infested_stone":2,"minecraft:warped_slab":4},"minecraft:crafted":{"minecraft:oak_planks":68,"minecraft:iron_boots":1,"minecraft:iron_axe":1,"minecraft:stone_pickaxe":1,"minecraft:wheat":387,"minecraft:coal_block":10,"minecraft:oak_slab":6,"minecraft:crafting_table":1,"minecraft:wooden_pickaxe":1,"minecraft:iron_helmet":1,"minecraft:copper_ingot":40,"scalinghealth:heart_crystal":2,"minecraft:bucket":2,"epicfight:stone_greatsword":4,"minecraft:birch_planks":20,"minecraft:bread":129,"minecraft:air":0,"minecraft:iron_chestplate":1,"minecraft:shield":1,"minecraft:stick":44,"minecraft:iron_ingot":55,"minecraft:iron_pickaxe":4,"minecraft:iron_leggings":1,"minecraft:gold_ingot":63,"minecraft:torch":112},"minecraft:dropped":{"minecraft:enchanted_book":1,"minecraft:iron_ingot":28,"minecraft:bread":65,"minecraft:iron_sword":1,"minecraft:stripped_spruce_log":1,"minecraft:acacia_wood":1,"minecraft:wheat_seeds":4,"sophisticatedbackpacks:stack_upgrade_tier_1":1,"minecraft:lapis_lazuli":15,"minecraft:oak_log":4,"minecraft:glass_bottle":2,"scalinghealth:cursed_heart":4,"minecraft:iron_helmet":3,"minecraft:cobblestone":148,"minecraft:book":2,"minecraft:spectral_arrow":1,"minecraft:granite":4,"minecraft:iron_horse_armor":1,"minecraft:copper_ingot":45,"minecraft:stripped_jungle_log":1,"minecraft:acacia_log":1,"biomemakeover:stripped_blighted_balsa_log":1,"minecraft:coal":3,"minecraft:stick":2,"tombstone:magic_scroll":1,"minecraft:torch":81,"minecraft:mangrove_wood":1,"minecraft:mutton":6,"iceandfire:silver_sword":1,"alexsmobs:flying_fish":1,"epicfight:iron_greatsword":2,"minecraft:snowball":1,"tombstone:grave_dust":5,"minecraft:iron_leggings":2,"tombstone:scroll_of_frost_resistance":1,"minecraft:gold_nugget":14,"epicfight:stone_greatsword":5,"minecraft:wither_rose":1,"minecraft:iron_pickaxe":3,"minecraft:bucket":1,"minecraft:redstone":94,"alexsmobs:shield_of_the_deep":1,"minecraft:cobbled_deepslate":204,"minecraft:tuff":6,"minecraft:netherite_sword":1,"tombstone:gift":1,"minecraft:stripped_dark_oak_log":2,"minecraft:rotten_flesh":5,"minecraft:oak_planks":87,"minecraft:iron_boots":1,"minecraft:smoker":1,"minecraft:glowstone_dust":8,"minecraft:pumpkin_seeds":2,"minecraft:filled_map":1,"minecraft:hay_block":13,"minecraft:bundle":1,"minecraft:iron_chestplate":3,"minecraft:yellow_bed":1,"cataclysm:void_scatter_arrow":2,"minecraft:oak_sapling":10,"minecraft:stripped_cherry_log":1,"minecraft:spruce_log":1,"minecraft:arrow":3,"minecraft:stone_pickaxe":1,"minecraft:wooden_pickaxe":2,"scalinghealth:bandages":3}},"DataVersion":3465}