{"stats":{"minecraft:killed":{"hordes:zombie_player":5,"minecraft:zombie":3},"minecraft:custom":{"minecraft:mob_kills":8,"minecraft:inspect_hopper":1,"minecraft:interact_with_crafting_table":16,"minecraft:open_barrel":4,"minecraft:leave_game":1,"minecraft:time_since_death":502,"minecraft:climb_one_cm":3214,"minecraft:sprint_one_cm":337722,"minecraft:walk_one_cm":197912,"minecraft:damage_blocked_by_shield":291,"minecraft:drop":87,"minecraft:play_time":88072,"minecraft:deaths":18,"minecraft:sneak_time":5130,"minecraft:walk_under_water_one_cm":33778,"minecraft:jump":1550,"minecraft:interact_with_blast_furnace":1,"minecraft:walk_on_water_one_cm":21118,"minecraft:total_world_time":88072,"minecraft:interact_with_furnace":1,"minecraft:sleep_in_bed":4,"minecraft:time_since_rest":1,"minecraft:damage_taken":2598,"tombstone:sneak_grave":1,"minecraft:damage_dealt":1762,"minecraft:swim_one_cm":110015,"minecraft:fly_one_cm":589276,"minecraft:open_chest":27,"minecraft:crouch_one_cm":28514,"tombstone:undead_killed":8,"minecraft:fall_one_cm":28727},"minecraft:dropped":{"minecraft:enchanted_book":1,"minecraft:bread":26,"minecraft:iron_sword":1,"minecraft:stripped_spruce_log":1,"minecraft:acacia_wood":1,"minecraft:wheat_seeds":1,"minecraft:oak_log":4,"minecraft:iron_helmet":2,"minecraft:granite":4,"minecraft:iron_horse_armor":1,"minecraft:stripped_jungle_log":1,"minecraft:acacia_log":1,"biomemakeover:stripped_blighted_balsa_log":1,"minecraft:torch":81,"minecraft:mangrove_wood":1,"minecraft:mutton":6,"tombstone:grave_dust":5,"epicfight:stone_greatsword":4,"minecraft:wither_rose":1,"minecraft:iron_pickaxe":2,"minecraft:bucket":1,"minecraft:stripped_dark_oak_log":2,"minecraft:rotten_flesh":5,"minecraft:oak_planks":7,"minecraft:smoker":1,"minecraft:pumpkin_seeds":2,"minecraft:filled_map":1,"minecraft:hay_block":13,"minecraft:iron_chestplate":1,"minecraft:yellow_bed":1,"minecraft:oak_sapling":10,"minecraft:stripped_cherry_log":1,"minecraft:arrow":1,"minecraft:stone_pickaxe":1,"minecraft:wooden_pickaxe":2,"scalinghealth:bandages":3},"minecraft:mined":{"minecraft:dark_oak_planks":1,"minecraft:white_bed":1,"minecraft:granite":4,"minecraft:grass_block":4,"minecraft:spruce_leaves":1,"minecraft:hay_block":88,"minecraft:furnace":1,"minecraft:iron_ore":18,"minecraft:andesite":31,"minecraft:stone":62,"minecraft:podzol":1,"minecraft:crafting_table":11,"minecraft:torch":2,"minecraft:blast_furnace":2,"minecraft:chest":3,"minecraft:cobblestone":25,"minecraft:deepslate_coal_ore":1,"minecraft:cyan_bed":1,"minecraft:wall_torch":4,"minecraft:birch_planks":2,"minecraft:birch_log":5,"minecraft:birch_leaves":1,"minecraft:yellow_bed":4,"minecraft:grass":9,"minecraft:coal_ore":62,"snowrealmagic:stairs":1,"minecraft:oak_log":8,"minecraft:gravel":1,"minecraft:warped_slab":4},"minecraft:killed_by":{"minecraft:stray":1,"minecraft:creeper":2,"minecraft:spider":1,"hordes:zombie_player":2,"minecraft:drowned":4,"hordes:drowned_player":1,"minecraft:skeleton":7},"minecraft:used":{"minecraft:chest":1,"minecraft:shield":5,"minecraft:iron_chestplate":1,"minecraft:torch":13,"minecraft:dirt":11,"minecraft:iron_axe":1,"minecraft:iron_helmet":1,"epicfight:stone_greatsword":17,"minecraft:deepslate_tile_stairs":1,"tombstone:gift":3,"minecraft:egg":1,"minecraft:stone_pickaxe":130,"minecraft:oak_planks":8,"minecraft:wooden_pickaxe":4,"minecraft:polished_blackstone_pressure_plate":1,"minecraft:crafting_table":9,"minecraft:apple":4,"minecraft:bread":22,"minecraft:warped_slab":8,"minecraft:iron_pickaxe":75,"minecraft:gravel":2,"minecraft:stone_axe":20,"minecraft:cobblestone":112,"minecraft:andesite":9,"minecraft:yellow_bed":4},"minecraft:broken":{"minecraft:stone_pickaxe":1},"minecraft:picked_up":{"minecraft:crafting_table":13,"cataclysm:void_scatter_arrow":1,"minecraft:iron_chestplate":1,"biomemakeover:stripped_blighted_balsa_log":1,"minecraft:wooden_pickaxe":1,"minecraft:enchanted_book":1,"minecraft:wither_rose":1,"minecraft:stripped_cherry_log":1,"minecraft:iron_leggings":1,"minecraft:bucket":1,"minecraft:warped_slab":8,"minecraft:iron_pickaxe":4,"minecraft:chest":4,"minecraft:egg":1,"minecraft:stick":2,"minecraft:raw_iron":18,"minecraft:torch":31,"minecraft:acacia_log":1,"iceandfire:rotten_egg":1,"tombstone:grave_dust":5,"minecraft:deepslate_tile_stairs":1,"minecraft:iron_horse_armor":1,"minecraft:arrow":1,"minecraft:rotten_flesh":7,"minecraft:hay_block":85,"minecraft:mutton":6,"minecraft:iron_bars":5,"minecraft:cobblestone":95,"minecraft:birch_log":5,"minecraft:andesite":28,"minecraft:smoker":1,"minecraft:acacia_wood":1,"minecraft:potato":8,"minecraft:birch_planks":2,"minecraft:filled_map":2,"minecraft:oak_log":20,"scalinghealth:bandages":10,"minecraft:yellow_bed":6,"minecraft:dirt":62,"minecraft:bone":1,"minecraft:apple":5,"minecraft:wheat_seeds":1,"minecraft:stone_pickaxe":1,"minecraft:oak_planks":25,"minecraft:iron_sword":1,"scalinghealth:heart_crystal_shard":5,"minecraft:gravel":3,"minecraft:stripped_spruce_log":1,"minecraft:blast_furnace":1,"minecraft:white_bed":1,"minecraft:cyan_bed":1,"minecraft:spectral_arrow":1,"alexsmobs:animal_dictionary":2,"minecraft:stripped_jungle_log":1,"minecraft:pumpkin_seeds":2,"minecraft:mangrove_wood":1,"minecraft:stone_axe":1,"minecraft:polished_blackstone_pressure_plate":1,"waystones:waystone":1,"minecraft:iron_helmet":2,"minecraft:granite":4,"scalinghealth:cursed_heart":2,"minecraft:bread":65,"minecraft:oak_sapling":10,"minecraft:stripped_dark_oak_log":2,"minecraft:coal":62},"minecraft:crafted":{"minecraft:oak_planks":64,"minecraft:iron_axe":1,"minecraft:stone_pickaxe":1,"minecraft:wheat":243,"minecraft:crafting_table":1,"minecraft:wooden_pickaxe":1,"scalinghealth:heart_crystal":2,"epicfight:stone_greatsword":4,"minecraft:bucket":2,"minecraft:birch_planks":20,"minecraft:bread":81,"minecraft:shield":1,"minecraft:stick":24,"minecraft:iron_pickaxe":1,"minecraft:torch":64}},"DataVersion":3465}