{"stats":{"minecraft:killed":{"hordes:zombie_player":5},"minecraft:dropped":{"minecraft:bread":21,"tombstone:grave_dust":1,"epicfight:stone_greatsword":1,"minecraft:arrow":1,"minecraft:wooden_pickaxe":1},"minecraft:mined":{"minecraft:hay_block":59,"minecraft:white_bed":1,"minecraft:birch_log":5,"minecraft:iron_ore":8,"minecraft:birch_leaves":1,"minecraft:yellow_bed":1,"minecraft:crafting_table":3,"minecraft:grass":8,"minecraft:coal_ore":13,"minecraft:oak_log":8,"minecraft:gravel":1,"minecraft:stone":19},"minecraft:custom":{"minecraft:time_since_rest":1,"minecraft:sprint_one_cm":168054,"minecraft:damage_taken":1676,"minecraft:walk_one_cm":69819,"minecraft:mob_kills":5,"minecraft:drop":25,"minecraft:damage_dealt":988,"minecraft:swim_one_cm":105574,"minecraft:interact_with_crafting_table":7,"minecraft:fly_one_cm":315259,"minecraft:open_chest":3,"minecraft:play_time":34215,"minecraft:crouch_one_cm":8998,"tombstone:undead_killed":5,"minecraft:deaths":11,"minecraft:sneak_time":1856,"minecraft:walk_under_water_one_cm":23134,"minecraft:jump":747,"minecraft:leave_game":1,"minecraft:time_since_death":654,"minecraft:walk_on_water_one_cm":16657,"minecraft:sleep_in_bed":2,"minecraft:total_world_time":34215,"minecraft:fall_one_cm":14171},"minecraft:killed_by":{"hordes:zombie_player":2,"minecraft:drowned":4,"minecraft:skeleton":2,"minecraft:creeper":2,"hordes:drowned_player":1},"minecraft:used":{"minecraft:apple":4,"minecraft:stone_pickaxe":13,"minecraft:bread":13,"minecraft:iron_axe":1,"minecraft:oak_planks":8,"minecraft:wooden_pickaxe":4,"minecraft:iron_pickaxe":23,"minecraft:iron_helmet":1,"minecraft:gravel":1,"epicfight:stone_greatsword":8,"minecraft:dirt":6,"minecraft:cobblestone":11,"minecraft:crafting_table":2,"tombstone:gift":2},"minecraft:picked_up":{"minecraft:birch_log":5,"minecraft:crafting_table":4,"minecraft:stick":2,"minecraft:raw_iron":8,"minecraft:potato":8,"minecraft:birch_planks":1,"minecraft:gravel":3,"minecraft:oak_log":16,"scalinghealth:bandages":1,"minecraft:yellow_bed":3,"tombstone:grave_dust":5,"minecraft:white_bed":1,"minecraft:dirt":56,"alexsmobs:animal_dictionary":2,"minecraft:bone":1,"minecraft:arrow":1,"minecraft:stone_axe":1,"minecraft:hay_block":56,"minecraft:stone_pickaxe":1,"minecraft:bread":65,"minecraft:iron_pickaxe":2,"minecraft:oak_planks":25,"minecraft:coal":13,"minecraft:cobblestone":19},"minecraft:crafted":{"minecraft:oak_planks":64,"minecraft:iron_axe":1,"minecraft:crafting_table":1,"minecraft:stick":8,"minecraft:iron_pickaxe":1,"minecraft:wooden_pickaxe":1,"minecraft:birch_planks":20,"minecraft:bread":81,"minecraft:wheat":243}},"DataVersion":3465}