{"stats":{"minecraft:killed":{"hordes:zombie_player":10,"minecraft:skeleton":1,"minecraft:silverfish":2,"alexsmobs:flying_fish":1,"minecraft:zombie":3},"minecraft:broken":{"minecraft:stone_pickaxe":1,"minecraft:iron_pickaxe":3},"minecraft:custom":{"minecraft:mob_kills":17,"minecraft:inspect_hopper":1,"minecraft:interact_with_crafting_table":27,"minecraft:open_barrel":22,"minecraft:damage_dealt_resisted":112,"minecraft:eat_cake_slice":2,"minecraft:leave_game":6,"minecraft:time_since_death":55953,"minecraft:climb_one_cm":5111,"minecraft:sprint_one_cm":651833,"minecraft:walk_one_cm":443153,"minecraft:damage_blocked_by_shield":291,"minecraft:drop":143,"minecraft:play_time":238627,"minecraft:deaths":31,"minecraft:sneak_time":15497,"minecraft:walk_under_water_one_cm":38307,"minecraft:jump":3341,"minecraft:interact_with_blast_furnace":31,"minecraft:walk_on_water_one_cm":30926,"minecraft:total_world_time":238627,"minecraft:interact_with_furnace":1,"minecraft:sleep_in_bed":5,"minecraft:time_since_rest":54995,"minecraft:damage_taken":4794,"tombstone:sneak_grave":2,"minecraft:damage_dealt":3840,"minecraft:swim_one_cm":123637,"minecraft:fly_one_cm":1069140,"minecraft:open_chest":47,"minecraft:crouch_one_cm":75750,"tombstone:undead_killed":14,"minecraft:interact_with_smoker":1,"minecraft:fall_one_cm":66782},"minecraft:killed_by":{"iceandfire:cyclops":1,"minecraft:stray":1,"minecraft:creeper":2,"minecraft:spider":1,"hordes:zombie_player":3,"minecraft:zombie_horse":1,"minecraft:drowned":4,"hordes:drowned_player":1,"minecraft:silverfish":2,"minecraft:skeleton":10,"minecraft:zombie":3,"iceandfire:fire_dragon":1},"minecraft:used":{"minecraft:netherite_sword":6,"minecraft:chest":1,"minecraft:shield":5,"minecraft:tinted_glass":1,"minecraft:iron_chestplate":1,"minecraft:torch":61,"minecraft:dirt":15,"minecraft:anvil":2,"scalinghealth:heart_crystal":1,"minecraft:tuff":90,"minecraft:snowball":1,"minecraft:stripped_spruce_log":1,"epicfight:iron_greatsword":13,"minecraft:iron_axe":1,"minecraft:iron_helmet":1,"minecraft:iron_boots":1,"epicfight:stone_greatsword":22,"minecraft:deepslate_tile_stairs":1,"tombstone:gift":3,"minecraft:egg":1,"minecraft:cobbled_deepslate":13,"minecraft:water_bucket":11,"minecraft:stone_pickaxe":130,"minecraft:oak_planks":8,"minecraft:wooden_pickaxe":4,"minecraft:polished_blackstone_pressure_plate":1,"minecraft:oak_slab":6,"minecraft:crafting_table":16,"minecraft:blast_furnace":3,"minecraft:apple":4,"minecraft:bread":67,"minecraft:cyan_bed":1,"minecraft:warped_slab":8,"minecraft:iron_pickaxe":832,"minecraft:gravel":2,"minecraft:stone_axe":24,"minecraft:cobblestone":122,"minecraft:andesite":38,"minecraft:bucket":13,"minecraft:yellow_bed":4,"minecraft:experience_bottle":64},"minecraft:picked_up":{"minecraft:iron_chestplate":4,"cataclysm:void_scatter_arrow":7,"minecraft:crafting_table":24,"biomemakeover:stripped_blighted_balsa_log":1,"minecraft:anvil":7,"minecraft:wooden_pickaxe":1,"minecraft:potion":2,"minecraft:wither_rose":1,"minecraft:enchanted_book":2,"minecraft:stripped_cherry_log":1,"minecraft:shield":4,"minecraft:string":1,"minecraft:raw_copper":31,"minecraft:iron_leggings":4,"minecraft:experience_bottle":256,"minecraft:gold_nugget":14,"minecraft:cobbled_deepslate":1282,"minecraft:bucket":4,"minecraft:warped_slab":8,"minecraft:iron_pickaxe":10,"minecraft:tinted_glass":2,"minecraft:coal_block":5,"minecraft:chest":16,"minecraft:iron_boots":2,"minecraft:egg":1,"minecraft:stick":4,"minecraft:raw_iron":72,"minecraft:torch":130,"minecraft:acacia_log":1,"iceandfire:rotten_egg":1,"tombstone:grave_dust":5,"minecraft:redstone":94,"minecraft:deepslate_tile_stairs":1,"minecraft:iron_horse_armor":1,"minecraft:arrow":5,"minecraft:rotten_flesh":47,"minecraft:hay_block":101,"minecraft:gold_ingot":108,"minecraft:obsidian":29,"minecraft:mutton":6,"minecraft:iron_bars":5,"alexsmobs:flying_fish":1,"minecraft:cobblestone":332,"iceandfire:silver_axe":1,"minecraft:birch_log":5,"minecraft:water_bucket":3,"minecraft:andesite":58,"minecraft:smoker":1,"minecraft:acacia_wood":1,"minecraft:potato":8,"minecraft:filled_map":2,"minecraft:birch_planks":2,"minecraft:tuff":354,"minecraft:oak_log":20,"scalinghealth:bandages":10,"minecraft:yellow_bed":6,"scalinghealth:heart_crystal":5,"minecraft:lapis_lazuli":380,"minecraft:dirt":66,"minecraft:bone":198,"minecraft:apple":20,"epicfight:iron_greatsword":3,"minecraft:wheat_seeds":1,"minecraft:raw_gold":44,"minecraft:iron_ingot":42,"minecraft:stone_pickaxe":1,"minecraft:iron_sword":1,"minecraft:oak_planks":180,"scalinghealth:heart_crystal_shard":189,"epicfight:stone_greatsword":1,"minecraft:gravel":3,"minecraft:lava_bucket":1,"minecraft:stripped_spruce_log":2,"minecraft:blast_furnace":11,"minecraft:white_bed":1,"minecraft:cyan_bed":5,"minecraft:spectral_arrow":2,"alexsmobs:animal_dictionary":2,"minecraft:stripped_jungle_log":1,"minecraft:pumpkin_seeds":2,"minecraft:diamond":7,"minecraft:mangrove_wood":1,"minecraft:stone_axe":2,"minecraft:polished_blackstone_pressure_plate":1,"iceandfire:silver_sword":1,"waystones:waystone":7,"minecraft:iron_helmet":3,"minecraft:granite":4,"scalinghealth:cursed_heart":4,"minecraft:bread":258,"minecraft:emerald":2,"tombstone:magic_scroll":1,"minecraft:oak_sapling":10,"minecraft:stripped_dark_oak_log":2,"minecraft:coal":498},"minecraft:mined":{"minecraft:infested_deepslate":1,"minecraft:dark_oak_planks":1,"minecraft:tuff":111,"minecraft:white_bed":1,"minecraft:deepslate_diamond_ore":7,"minecraft:granite":4,"minecraft:grass_block":6,"minecraft:coal_block":5,"minecraft:spruce_leaves":1,"minecraft:large_fern":1,"minecraft:hay_block":88,"minecraft:black_stained_glass_pane":2,"minecraft:redstone_ore":5,"minecraft:furnace":1,"minecraft:iron_ore":20,"minecraft:cobbled_deepslate":6,"minecraft:andesite":32,"minecraft:stripped_spruce_log":1,"minecraft:anvil":8,"minecraft:deepslate_lapis_ore":15,"minecraft:deepslate_iron_ore":42,"minecraft:stone":160,"minecraft:podzol":1,"minecraft:deepslate_redstone_ore":16,"minecraft:crafting_table":17,"minecraft:torch":4,"minecraft:blast_furnace":8,"minecraft:chest":3,"minecraft:tall_grass":1,"minecraft:cobblestone":34,"minecraft:deepslate_coal_ore":23,"minecraft:deepslate_gold_ore":22,"minecraft:cyan_bed":1,"minecraft:wall_torch":8,"minecraft:deepslate_copper_ore":10,"minecraft:birch_planks":2,"minecraft:tinted_glass":2,"minecraft:birch_log":5,"minecraft:birch_leaves":1,"minecraft:yellow_bed":4,"minecraft:grass":9,"snowrealmagic:stairs":1,"minecraft:coal_ore":86,"minecraft:oak_log":8,"minecraft:gravel":1,"minecraft:dirt":2,"minecraft:gold_ore":2,"minecraft:deepslate_emerald_ore":1,"minecraft:deepslate":337,"minecraft:infested_stone":2,"minecraft:warped_slab":4},"minecraft:crafted":{"minecraft:oak_planks":64,"minecraft:iron_boots":1,"minecraft:iron_axe":1,"minecraft:stone_pickaxe":1,"minecraft:wheat":387,"minecraft:oak_slab":6,"minecraft:crafting_table":1,"minecraft:wooden_pickaxe":1,"minecraft:iron_helmet":1,"minecraft:copper_ingot":31,"scalinghealth:heart_crystal":2,"minecraft:bucket":2,"epicfight:stone_greatsword":4,"minecraft:birch_planks":20,"minecraft:bread":129,"minecraft:air":0,"minecraft:iron_chestplate":1,"minecraft:shield":1,"minecraft:stick":44,"minecraft:iron_ingot":52,"minecraft:iron_pickaxe":4,"minecraft:gold_ingot":20,"minecraft:iron_leggings":1,"minecraft:torch":112},"minecraft:dropped":{"minecraft:enchanted_book":1,"minecraft:iron_ingot":27,"minecraft:bread":65,"minecraft:iron_sword":1,"minecraft:stripped_spruce_log":1,"minecraft:acacia_wood":1,"minecraft:wheat_seeds":1,"minecraft:oak_log":4,"scalinghealth:cursed_heart":2,"minecraft:iron_helmet":3,"minecraft:cobblestone":148,"minecraft:book":2,"minecraft:spectral_arrow":1,"minecraft:granite":4,"minecraft:iron_horse_armor":1,"minecraft:copper_ingot":31,"minecraft:stripped_jungle_log":1,"minecraft:acacia_log":1,"biomemakeover:stripped_blighted_balsa_log":1,"minecraft:stick":2,"minecraft:torch":81,"minecraft:mangrove_wood":1,"iceandfire:silver_sword":1,"minecraft:mutton":6,"alexsmobs:flying_fish":1,"epicfight:iron_greatsword":1,"tombstone:grave_dust":5,"minecraft:iron_leggings":2,"minecraft:gold_nugget":14,"epicfight:stone_greatsword":5,"minecraft:wither_rose":1,"minecraft:iron_pickaxe":3,"minecraft:bucket":1,"minecraft:redstone":94,"minecraft:cobbled_deepslate":76,"minecraft:tuff":6,"minecraft:netherite_sword":1,"tombstone:gift":1,"minecraft:stripped_dark_oak_log":2,"minecraft:rotten_flesh":5,"minecraft:oak_planks":29,"minecraft:iron_boots":1,"minecraft:smoker":1,"minecraft:pumpkin_seeds":2,"minecraft:filled_map":1,"minecraft:hay_block":13,"minecraft:iron_chestplate":3,"minecraft:yellow_bed":1,"cataclysm:void_scatter_arrow":2,"minecraft:oak_sapling":10,"minecraft:stripped_cherry_log":1,"minecraft:arrow":3,"minecraft:stone_pickaxe":1,"minecraft:wooden_pickaxe":2,"scalinghealth:bandages":3}},"DataVersion":3465}