{"stats":{"minecraft:mined":{"minecraft:hay_block":34,"minecraft:coal_ore":13,"minecraft:white_bed":1,"minecraft:birch_log":5,"minecraft:iron_ore":8,"minecraft:stone":6,"minecraft:birch_leaves":1,"minecraft:crafting_table":2},"minecraft:dropped":{"minecraft:bread":21,"minecraft:wooden_pickaxe":1},"minecraft:custom":{"minecraft:open_chest":3,"minecraft:time_since_rest":10498,"minecraft:crouch_one_cm":3218,"minecraft:play_time":10498,"minecraft:sprint_one_cm":71772,"minecraft:damage_taken":78,"minecraft:walk_one_cm":25432,"minecraft:sneak_time":408,"minecraft:drop":22,"minecraft:jump":345,"minecraft:time_since_death":10498,"minecraft:total_world_time":10498,"minecraft:fall_one_cm":8180,"minecraft:interact_with_crafting_table":6,"minecraft:fly_one_cm":151243},"minecraft:used":{"minecraft:apple":4,"minecraft:crafting_table":2,"minecraft:iron_axe":1,"minecraft:bread":8,"minecraft:iron_pickaxe":23,"minecraft:iron_helmet":1,"minecraft:wooden_pickaxe":4},"minecraft:picked_up":{"minecraft:birch_log":5,"minecraft:raw_iron":8,"minecraft:crafting_table":2,"minecraft:birch_planks":1,"minecraft:hay_block":34,"minecraft:white_bed":1,"minecraft:coal":13,"minecraft:cobblestone":6},"minecraft:crafted":{"minecraft:birch_planks":20,"minecraft:iron_axe":1,"minecraft:crafting_table":1,"minecraft:stick":8,"minecraft:bread":51,"minecraft:wheat":153,"minecraft:wooden_pickaxe":1,"minecraft:iron_pickaxe":1}},"DataVersion":3465}