{"stats":{"minecraft:killed":{"hordes:zombie_player":5,"minecraft:zombie":3},"minecraft:custom":{"minecraft:mob_kills":8,"minecraft:inspect_hopper":1,"minecraft:interact_with_crafting_table":13,"minecraft:open_barrel":4,"minecraft:leave_game":1,"minecraft:time_since_death":6000,"minecraft:climb_one_cm":3214,"minecraft:sprint_one_cm":332150,"minecraft:walk_one_cm":165532,"minecraft:damage_blocked_by_shield":30,"minecraft:drop":64,"minecraft:play_time":76072,"minecraft:deaths":15,"minecraft:sneak_time":4322,"minecraft:walk_under_water_one_cm":33778,"minecraft:jump":1528,"minecraft:interact_with_blast_furnace":1,"minecraft:walk_on_water_one_cm":21118,"minecraft:total_world_time":76072,"minecraft:interact_with_furnace":1,"minecraft:sleep_in_bed":4,"minecraft:time_since_rest":4769,"minecraft:damage_taken":2227,"tombstone:sneak_grave":1,"minecraft:damage_dealt":1762,"minecraft:swim_one_cm":110015,"minecraft:fly_one_cm":572010,"minecraft:open_chest":27,"minecraft:crouch_one_cm":24752,"tombstone:undead_killed":8,"minecraft:fall_one_cm":28460},"minecraft:dropped":{"minecraft:bread":26,"minecraft:iron_sword":1,"minecraft:stripped_spruce_log":1,"minecraft:acacia_wood":1,"minecraft:wheat_seeds":1,"minecraft:iron_helmet":1,"minecraft:granite":4,"minecraft:iron_horse_armor":1,"minecraft:stripped_jungle_log":1,"minecraft:acacia_log":1,"biomemakeover:stripped_blighted_balsa_log":1,"minecraft:mangrove_wood":1,"tombstone:grave_dust":5,"epicfight:stone_greatsword":1,"minecraft:wither_rose":1,"minecraft:iron_pickaxe":1,"minecraft:bucket":1,"minecraft:rotten_flesh":1,"minecraft:oak_planks":7,"minecraft:pumpkin_seeds":2,"minecraft:filled_map":1,"minecraft:hay_block":13,"minecraft:iron_chestplate":1,"minecraft:yellow_bed":1,"minecraft:stripped_cherry_log":1,"minecraft:arrow":1,"minecraft:stone_pickaxe":1,"minecraft:wooden_pickaxe":2,"scalinghealth:bandages":3},"minecraft:mined":{"minecraft:dark_oak_planks":1,"minecraft:white_bed":1,"minecraft:granite":4,"minecraft:grass_block":4,"minecraft:spruce_leaves":1,"minecraft:hay_block":88,"minecraft:furnace":1,"minecraft:iron_ore":18,"minecraft:andesite":12,"minecraft:stone":61,"minecraft:podzol":1,"minecraft:crafting_table":8,"minecraft:torch":2,"minecraft:blast_furnace":2,"minecraft:chest":3,"minecraft:cobblestone":24,"minecraft:deepslate_coal_ore":1,"minecraft:cyan_bed":1,"minecraft:wall_torch":3,"minecraft:birch_planks":2,"minecraft:birch_log":5,"minecraft:birch_leaves":1,"minecraft:yellow_bed":4,"minecraft:grass":9,"minecraft:coal_ore":62,"snowrealmagic:stairs":1,"minecraft:oak_log":8,"minecraft:gravel":1,"minecraft:warped_slab":4},"minecraft:killed_by":{"minecraft:stray":1,"minecraft:creeper":2,"minecraft:spider":1,"hordes:zombie_player":2,"minecraft:drowned":4,"hordes:drowned_player":1,"minecraft:skeleton":4},"minecraft:used":{"minecraft:chest":1,"minecraft:shield":1,"minecraft:iron_chestplate":1,"minecraft:torch":11,"minecraft:dirt":11,"minecraft:iron_axe":1,"minecraft:iron_helmet":1,"epicfight:stone_greatsword":17,"minecraft:deepslate_tile_stairs":1,"tombstone:gift":3,"minecraft:egg":1,"minecraft:stone_pickaxe":130,"minecraft:oak_planks":8,"minecraft:wooden_pickaxe":4,"minecraft:polished_blackstone_pressure_plate":1,"minecraft:crafting_table":6,"minecraft:apple":4,"minecraft:bread":20,"minecraft:warped_slab":8,"minecraft:iron_pickaxe":54,"minecraft:gravel":2,"minecraft:stone_axe":17,"minecraft:cobblestone":111,"minecraft:andesite":1,"minecraft:yellow_bed":4},"minecraft:broken":{"minecraft:stone_pickaxe":1},"minecraft:picked_up":{"minecraft:crafting_table":10,"cataclysm:void_scatter_arrow":1,"minecraft:iron_chestplate":1,"biomemakeover:stripped_blighted_balsa_log":1,"minecraft:wooden_pickaxe":1,"minecraft:wither_rose":1,"minecraft:stripped_cherry_log":1,"minecraft:iron_leggings":1,"minecraft:warped_slab":8,"minecraft:iron_pickaxe":3,"minecraft:chest":3,"minecraft:egg":1,"minecraft:stick":2,"minecraft:raw_iron":18,"minecraft:torch":5,"minecraft:acacia_log":1,"iceandfire:rotten_egg":1,"tombstone:grave_dust":5,"minecraft:deepslate_tile_stairs":1,"minecraft:iron_horse_armor":1,"minecraft:arrow":1,"minecraft:rotten_flesh":1,"minecraft:hay_block":85,"minecraft:iron_bars":5,"minecraft:cobblestone":93,"minecraft:birch_log":5,"minecraft:andesite":12,"minecraft:acacia_wood":1,"minecraft:potato":8,"minecraft:birch_planks":2,"minecraft:filled_map":1,"minecraft:oak_log":16,"scalinghealth:bandages":3,"minecraft:yellow_bed":6,"minecraft:dirt":62,"minecraft:bone":1,"minecraft:apple":5,"minecraft:wheat_seeds":1,"minecraft:stone_pickaxe":1,"minecraft:oak_planks":25,"minecraft:iron_sword":1,"scalinghealth:heart_crystal_shard":4,"minecraft:gravel":3,"minecraft:stripped_spruce_log":1,"minecraft:blast_furnace":1,"minecraft:white_bed":1,"minecraft:cyan_bed":1,"minecraft:spectral_arrow":1,"alexsmobs:animal_dictionary":2,"minecraft:stripped_jungle_log":1,"minecraft:pumpkin_seeds":2,"minecraft:mangrove_wood":1,"minecraft:stone_axe":1,"minecraft:polished_blackstone_pressure_plate":1,"waystones:waystone":1,"minecraft:iron_helmet":1,"minecraft:granite":4,"minecraft:bread":65,"minecraft:coal":62},"minecraft:crafted":{"minecraft:oak_planks":64,"minecraft:iron_axe":1,"minecraft:stone_pickaxe":1,"minecraft:wheat":243,"minecraft:crafting_table":1,"minecraft:wooden_pickaxe":1,"epicfight:stone_greatsword":1,"minecraft:bucket":2,"minecraft:birch_planks":20,"minecraft:bread":81,"minecraft:shield":1,"minecraft:stick":24,"minecraft:iron_pickaxe":1,"minecraft:torch":64}},"DataVersion":3465}