{"stats":{"minecraft:crafted":{"minecraft:oak_planks":64,"minecraft:iron_boots":1,"minecraft:iron_axe":1,"minecraft:stone_pickaxe":1,"minecraft:wheat":387,"minecraft:oak_slab":6,"minecraft:crafting_table":1,"minecraft:wooden_pickaxe":1,"minecraft:iron_helmet":1,"minecraft:copper_ingot":31,"scalinghealth:heart_crystal":2,"minecraft:bucket":2,"epicfight:stone_greatsword":4,"minecraft:birch_planks":20,"minecraft:bread":129,"minecraft:air":0,"minecraft:iron_chestplate":1,"minecraft:shield":1,"minecraft:stick":44,"minecraft:iron_ingot":52,"minecraft:iron_pickaxe":4,"minecraft:iron_leggings":1,"minecraft:gold_ingot":20,"minecraft:torch":112},"minecraft:custom":{"minecraft:mob_kills":16,"minecraft:inspect_hopper":1,"minecraft:interact_with_crafting_table":26,"minecraft:open_barrel":4,"minecraft:damage_dealt_resisted":112,"minecraft:leave_game":4,"minecraft:time_since_death":30051,"minecraft:climb_one_cm":5099,"minecraft:sprint_one_cm":611884,"minecraft:walk_one_cm":418767,"minecraft:damage_blocked_by_shield":291,"minecraft:drop":140,"minecraft:play_time":212725,"minecraft:deaths":31,"minecraft:sneak_time":15100,"minecraft:walk_under_water_one_cm":38137,"minecraft:jump":3227,"minecraft:interact_with_blast_furnace":30,"minecraft:walk_on_water_one_cm":29475,"minecraft:total_world_time":212725,"minecraft:interact_with_furnace":1,"minecraft:sleep_in_bed":5,"minecraft:time_since_rest":29093,"minecraft:damage_taken":4794,"tombstone:sneak_grave":2,"minecraft:damage_dealt":3805,"minecraft:swim_one_cm":118150,"minecraft:fly_one_cm":1024690,"minecraft:open_chest":34,"minecraft:crouch_one_cm":73488,"tombstone:undead_killed":14,"minecraft:fall_one_cm":64841},"minecraft:mined":{"minecraft:infested_deepslate":1,"minecraft:dark_oak_planks":1,"minecraft:tuff":111,"minecraft:white_bed":1,"minecraft:granite":4,"minecraft:grass_block":6,"minecraft:spruce_leaves":1,"minecraft:hay_block":88,"minecraft:redstone_ore":5,"minecraft:furnace":1,"minecraft:iron_ore":20,"minecraft:cobbled_deepslate":6,"minecraft:andesite":32,"minecraft:deepslate_lapis_ore":15,"minecraft:deepslate_iron_ore":40,"minecraft:stone":160,"minecraft:podzol":1,"minecraft:deepslate_redstone_ore":16,"minecraft:crafting_table":17,"minecraft:torch":4,"minecraft:blast_furnace":4,"minecraft:chest":3,"minecraft:tall_grass":1,"minecraft:cobblestone":34,"minecraft:deepslate_coal_ore":18,"minecraft:cyan_bed":1,"minecraft:deepslate_gold_ore":22,"minecraft:wall_torch":8,"minecraft:deepslate_copper_ore":10,"minecraft:birch_planks":2,"minecraft:birch_log":5,"minecraft:birch_leaves":1,"minecraft:yellow_bed":4,"minecraft:grass":9,"snowrealmagic:stairs":1,"minecraft:oak_log":8,"minecraft:coal_ore":84,"minecraft:gravel":1,"minecraft:dirt":2,"minecraft:gold_ore":2,"minecraft:deepslate_emerald_ore":1,"minecraft:deepslate":337,"minecraft:infested_stone":2,"minecraft:warped_slab":4},"minecraft:killed_by":{"iceandfire:cyclops":1,"minecraft:stray":1,"minecraft:creeper":2,"minecraft:spider":1,"hordes:zombie_player":3,"minecraft:zombie_horse":1,"minecraft:drowned":4,"hordes:drowned_player":1,"minecraft:silverfish":2,"minecraft:skeleton":10,"minecraft:zombie":3,"iceandfire:fire_dragon":1},"minecraft:broken":{"minecraft:stone_pickaxe":1,"minecraft:iron_pickaxe":3},"minecraft:killed":{"hordes:zombie_player":10,"minecraft:skeleton":1,"minecraft:silverfish":2,"minecraft:zombie":3},"minecraft:used":{"minecraft:netherite_sword":6,"minecraft:chest":1,"minecraft:shield":5,"minecraft:iron_chestplate":1,"minecraft:torch":56,"minecraft:dirt":15,"scalinghealth:heart_crystal":1,"minecraft:tuff":88,"epicfight:iron_greatsword":12,"minecraft:iron_axe":1,"minecraft:iron_helmet":1,"minecraft:iron_boots":1,"epicfight:stone_greatsword":22,"minecraft:deepslate_tile_stairs":1,"tombstone:gift":3,"minecraft:egg":1,"minecraft:cobbled_deepslate":13,"minecraft:water_bucket":9,"minecraft:stone_pickaxe":130,"minecraft:oak_planks":8,"minecraft:wooden_pickaxe":4,"minecraft:polished_blackstone_pressure_plate":1,"minecraft:oak_slab":6,"minecraft:crafting_table":16,"minecraft:blast_furnace":3,"minecraft:apple":4,"minecraft:cyan_bed":1,"minecraft:bread":67,"minecraft:warped_slab":8,"minecraft:iron_pickaxe":799,"minecraft:gravel":2,"minecraft:stone_axe":24,"minecraft:cobblestone":122,"minecraft:andesite":38,"minecraft:bucket":11,"minecraft:yellow_bed":4,"minecraft:experience_bottle":64},"minecraft:dropped":{"minecraft:enchanted_book":1,"minecraft:iron_ingot":27,"minecraft:bread":65,"minecraft:stripped_spruce_log":1,"minecraft:iron_sword":1,"minecraft:acacia_wood":1,"minecraft:wheat_seeds":1,"minecraft:oak_log":4,"scalinghealth:cursed_heart":2,"minecraft:iron_helmet":3,"minecraft:cobblestone":148,"minecraft:spectral_arrow":1,"minecraft:granite":4,"minecraft:iron_horse_armor":1,"minecraft:copper_ingot":31,"minecraft:stripped_jungle_log":1,"minecraft:acacia_log":1,"biomemakeover:stripped_blighted_balsa_log":1,"minecraft:stick":2,"minecraft:torch":81,"minecraft:mangrove_wood":1,"iceandfire:silver_sword":1,"minecraft:mutton":6,"epicfight:iron_greatsword":1,"tombstone:grave_dust":5,"minecraft:iron_leggings":2,"minecraft:gold_nugget":14,"epicfight:stone_greatsword":5,"minecraft:wither_rose":1,"minecraft:iron_pickaxe":2,"minecraft:bucket":1,"minecraft:redstone":94,"minecraft:cobbled_deepslate":76,"minecraft:tuff":6,"minecraft:netherite_sword":1,"tombstone:gift":1,"minecraft:stripped_dark_oak_log":2,"minecraft:rotten_flesh":5,"minecraft:iron_boots":1,"minecraft:oak_planks":29,"minecraft:smoker":1,"minecraft:pumpkin_seeds":2,"minecraft:filled_map":1,"minecraft:hay_block":13,"minecraft:iron_chestplate":3,"cataclysm:void_scatter_arrow":2,"minecraft:yellow_bed":1,"minecraft:oak_sapling":10,"minecraft:stripped_cherry_log":1,"minecraft:wooden_pickaxe":2,"minecraft:arrow":3,"minecraft:stone_pickaxe":1,"scalinghealth:bandages":3},"minecraft:picked_up":{"minecraft:crafting_table":24,"cataclysm:void_scatter_arrow":7,"minecraft:iron_chestplate":4,"biomemakeover:stripped_blighted_balsa_log":1,"minecraft:wooden_pickaxe":1,"minecraft:wither_rose":1,"minecraft:enchanted_book":1,"minecraft:stripped_cherry_log":1,"minecraft:shield":4,"minecraft:string":1,"minecraft:raw_copper":31,"minecraft:iron_leggings":4,"minecraft:experience_bottle":256,"minecraft:cobbled_deepslate":1282,"minecraft:gold_nugget":14,"minecraft:bucket":4,"minecraft:warped_slab":8,"minecraft:iron_pickaxe":8,"minecraft:chest":16,"minecraft:iron_boots":2,"minecraft:egg":1,"minecraft:stick":4,"minecraft:raw_iron":70,"minecraft:torch":130,"minecraft:acacia_log":1,"iceandfire:rotten_egg":1,"tombstone:grave_dust":5,"minecraft:redstone":94,"minecraft:deepslate_tile_stairs":1,"minecraft:iron_horse_armor":1,"minecraft:arrow":5,"minecraft:rotten_flesh":47,"minecraft:hay_block":101,"minecraft:gold_ingot":108,"minecraft:obsidian":29,"minecraft:mutton":6,"minecraft:iron_bars":5,"minecraft:cobblestone":332,"iceandfire:silver_axe":1,"minecraft:birch_log":5,"minecraft:water_bucket":3,"minecraft:andesite":58,"minecraft:smoker":1,"minecraft:acacia_wood":1,"minecraft:potato":8,"minecraft:filled_map":2,"minecraft:birch_planks":2,"minecraft:tuff":354,"minecraft:oak_log":20,"scalinghealth:bandages":10,"minecraft:yellow_bed":6,"scalinghealth:heart_crystal":5,"minecraft:lapis_lazuli":380,"minecraft:dirt":66,"minecraft:bone":198,"minecraft:apple":20,"epicfight:iron_greatsword":3,"minecraft:wheat_seeds":1,"minecraft:raw_gold":44,"minecraft:iron_ingot":42,"minecraft:stone_pickaxe":1,"minecraft:iron_sword":1,"minecraft:oak_planks":180,"scalinghealth:heart_crystal_shard":189,"epicfight:stone_greatsword":1,"minecraft:lava_bucket":1,"minecraft:gravel":3,"minecraft:stripped_spruce_log":1,"minecraft:blast_furnace":7,"minecraft:white_bed":1,"minecraft:cyan_bed":5,"minecraft:spectral_arrow":2,"alexsmobs:animal_dictionary":2,"minecraft:stripped_jungle_log":1,"minecraft:pumpkin_seeds":2,"iceandfire:silver_sword":1,"minecraft:mangrove_wood":1,"minecraft:stone_axe":2,"minecraft:polished_blackstone_pressure_plate":1,"waystones:waystone":7,"minecraft:iron_helmet":3,"minecraft:granite":4,"scalinghealth:cursed_heart":4,"minecraft:bread":255,"minecraft:emerald":2,"tombstone:magic_scroll":1,"minecraft:oak_sapling":10,"minecraft:stripped_dark_oak_log":2,"minecraft:coal":492}},"DataVersion":3465}