{"stats":{"minecraft:picked_up":{"minecraft:leather_chestplate":1,"minecraft:wheat":2,"minecraft:crafting_table":3,"minecraft:coarse_dirt":7,"epicfight:stone_spear":1,"minecraft:leather_leggings":1,"minecraft:leather":4,"minecraft:salmon":5,"minecraft:redstone_lamp":2,"minecraft:wooden_pickaxe":4,"scalinghealth:bandages":4,"minecraft:paper":13,"minecraft:lantern":2,"minecraft:dirt":39,"minecraft:string":3,"minecraft:raw_copper":12,"minecraft:wooden_sword":1,"minecraft:white_carpet":2,"minecraft:leather_boots":1,"minecraft:bone":3,"minecraft:stone_bricks":4,"minecraft:wheat_seeds":4,"minecraft:spruce_planks":30,"minecraft:stone_pickaxe":1,"minecraft:calcite":2,"minecraft:moss_block":2,"minecraft:furnace":1,"minecraft:book":1,"minecraft:stick":13,"scalinghealth:heart_crystal_shard":6,"iceandfire:dragonbone":4,"minecraft:sweet_berries":31,"minecraft:bowl":1,"minecraft:torch":12,"minecraft:spruce_stairs":3,"epicfight:skillbook":1,"minecraft:porkchop":3,"minecraft:spruce_sapling":4,"minecraft:ink_sac":6,"minecraft:white_bed":2,"minecraft:spruce_log":15,"minecraft:spider_eye":1,"minecraft:leather_helmet":1,"minecraft:dark_oak_planks":6,"biomemakeover:foxglove":1,"iceandfire:silver_pickaxe":1,"minecraft:arrow":2,"minecraft:rotten_flesh":9,"minecraft:stone_axe":3,"minecraft:emerald":1,"minecraft:bread":60,"minecraft:music_disc_wait":2,"minecraft:white_wool":1,"minecraft:coal":116,"minecraft:snowball":109,"iceandfire:raw_silver":26,"minecraft:cobblestone":140},"minecraft:used":{"minecraft:calcite":2,"minecraft:stone_pickaxe":187,"minecraft:spruce_planks":1,"minecraft:wooden_pickaxe":17,"minecraft:cooked_salmon":3,"minecraft:leather_boots":2,"minecraft:rotten_flesh":9,"minecraft:torch":4,"minecraft:dirt":4,"minecraft:crafting_table":7,"minecraft:spruce_stairs":3,"minecraft:white_bed":1,"minecraft:snowball":69,"epicfight:stone_spear":49,"iceandfire:silver_pickaxe":53,"minecraft:dark_oak_planks":4,"minecraft:spruce_button":2,"minecraft:bread":12,"minecraft:suspicious_stew":1,"minecraft:spruce_sapling":3,"minecraft:stone_bricks":2,"minecraft:stone_axe":51,"minecraft:cobblestone":15,"minecraft:sweet_berries":26,"minecraft:furnace":3,"tombstone:gift":1,"alexsmobs:animal_dictionary":1},"minecraft:custom":{"minecraft:interact_with_furnace":16,"minecraft:mob_kills":12,"minecraft:interact_with_crafting_table":27,"minecraft:time_since_death":5897,"minecraft:climb_one_cm":578,"minecraft:time_since_rest":5159,"minecraft:waystone_activated":1,"minecraft:sprint_one_cm":543981,"minecraft:damage_taken":3370,"minecraft:walk_one_cm":537127,"minecraft:drop":32,"minecraft:damage_dealt":2672,"minecraft:damage_dealt_absorbed":54,"minecraft:swim_one_cm":82977,"minecraft:fly_one_cm":334502,"minecraft:open_chest":7,"minecraft:crouch_one_cm":8450,"minecraft:play_time":108939,"tombstone:undead_killed":4,"minecraft:deaths":13,"minecraft:sneak_time":2599,"minecraft:walk_under_water_one_cm":19775,"minecraft:boat_one_cm":45690,"minecraft:jump":1400,"minecraft:walk_on_water_one_cm":25893,"minecraft:total_world_time":108939,"minecraft:fall_one_cm":22940},"minecraft:crafted":{"iceandfire:silver_ingot":25,"minecraft:leather_boots":1,"minecraft:crafting_table":5,"minecraft:spruce_planks":56,"minecraft:spruce_button":2,"minecraft:wooden_pickaxe":3,"minecraft:furnace":2,"minecraft:cooked_salmon":4,"minecraft:stone_axe":3,"minecraft:bread":6,"minecraft:leather":8,"minecraft:stick":44,"minecraft:stone_pickaxe":3,"minecraft:torch":12,"iceandfire:silver_pickaxe":1},"minecraft:dropped":{"minecraft:stone_axe":1,"minecraft:sweet_berries":9,"minecraft:wheat_seeds":1,"minecraft:poisonous_potato":2,"minecraft:rotten_flesh":6,"minecraft:stick":1,"minecraft:torch":4,"minecraft:spruce_planks":1,"minecraft:cooked_salmon":1,"tombstone:grave_dust":1,"minecraft:spider_eye":1,"minecraft:wooden_pickaxe":6},"minecraft:mined":{"minecraft:dark_oak_planks":6,"minecraft:white_bed":2,"minecraft:spruce_planks":18,"iceandfire:silver_ore":25,"minecraft:mangrove_roots":1,"minecraft:powder_snow":2,"minecraft:crafting_table":3,"minecraft:calcite":2,"minecraft:grass_block":6,"biomemakeover:foxglove":1,"minecraft:copper_ore":2,"minecraft:cobblestone":3,"minecraft:spruce_leaves":42,"minecraft:moss_block":1,"minecraft:seagrass":6,"minecraft:spruce_stairs":4,"minecraft:furnace":1,"minecraft:sweet_berry_bush":14,"minecraft:ice":5,"minecraft:blue_ice":1,"minecraft:spruce_log":15,"minecraft:birch_leaves":1,"minecraft:grass":8,"minecraft:coal_ore":84,"minecraft:lantern":1,"minecraft:dirt":1,"minecraft:packed_ice":21,"minecraft:stone_bricks":3,"minecraft:stone":104,"minecraft:fern":5,"minecraft:redstone_lamp":1},"minecraft:broken":{"minecraft:stone_pickaxe":1},"minecraft:killed_by":{"minecraft:stray":3,"minecraft:zombie":1},"minecraft:killed":{"minecraft:salmon":5,"minecraft:spider":1,"minecraft:zombie":4,"alexsmobs:tusklin":1}},"DataVersion":3465}