{"stats":{"minecraft:picked_up":{"minecraft:coarse_dirt":56,"minecraft:crafting_table":5,"minecraft:wheat":3,"minecraft:redstone_block":3,"minecraft:clay_ball":2,"minecraft:redstone_lamp":2,"minecraft:leather_leggings":1,"minecraft:brown_mushroom":16,"minecraft:wooden_pickaxe":4,"tombstone:grave_key":2,"minecraft:string":4,"minecraft:raw_copper":14,"minecraft:wooden_sword":1,"minecraft:white_carpet":2,"minecraft:spruce_planks":34,"minecraft:calcite":2,"minecraft:iron_nugget":9,"minecraft:spruce_trapdoor":3,"crittersandcompanions:clam":2,"minecraft:furnace":2,"minecraft:tipped_arrow":3,"minecraft:stick":37,"iceandfire:dragonbone":4,"minecraft:torch":20,"minecraft:bowl":1,"minecraft:spruce_stairs":3,"minecraft:porkchop":3,"epicfight:skillbook":6,"minecraft:dark_oak_planks":6,"minecraft:stone_sword":2,"iceandfire:silver_ingot":1,"minecraft:arrow":11,"minecraft:rotten_flesh":19,"minecraft:hay_block":23,"minecraft:mangrove_roots":2,"minecraft:music_disc_wait":2,"minecraft:mutton":1,"minecraft:snowball":293,"minecraft:white_wool":2,"minecraft:cobblestone":265,"epicfight:stone_spear":1,"minecraft:leather_chestplate":3,"minecraft:tripwire_hook":1,"minecraft:salmon":5,"minecraft:leather":4,"minecraft:red_mushroom":13,"minecraft:mushroom_stew":1,"minecraft:flint":2,"scalinghealth:bandages":8,"minecraft:gunpowder":1,"tombstone:gift":1,"minecraft:lapis_lazuli":21,"minecraft:dirt":70,"minecraft:paper":13,"minecraft:lantern":2,"scalinghealth:medkit":4,"biomemakeover:crude_fragment":6,"minecraft:leather_boots":1,"minecraft:bone":11,"minecraft:stone_bricks":4,"minecraft:bow":1,"bakery:oat_seeds":1,"minecraft:wheat_seeds":7,"minecraft:iron_ingot":1,"minecraft:stone_pickaxe":2,"tombstone:bag_of_seeds":1,"minecraft:moss_block":2,"minecraft:book":15,"scalinghealth:heart_crystal_shard":6,"minecraft:dark_oak_slab":1,"minecraft:cooked_porkchop":1,"minecraft:sweet_berries":122,"epicfight:iron_spear":2,"minecraft:gravel":5,"minecraft:spruce_sapling":4,"minecraft:ink_sac":12,"minecraft:white_bed":5,"minecraft:spruce_log":22,"minecraft:spider_eye":1,"minecraft:leather_helmet":1,"minecraft:bundle":1,"iceandfire:silver_pickaxe":2,"biomemakeover:foxglove":1,"minecraft:diamond":2,"minecraft:spruce_boat":3,"minecraft:stone_axe":5,"minecraft:bread":60,"minecraft:emerald":23,"tombstone:magic_scroll":1,"minecraft:coal":180,"iceandfire:raw_silver":26},"minecraft:used":{"minecraft:stone_sword":15,"iceandfire:dragon_skull_ice":1,"minecraft:spruce_planks":3,"minecraft:cooked_salmon":3,"minecraft:rotten_flesh":9,"minecraft:torch":5,"minecraft:dirt":4,"minecraft:spruce_stairs":3,"minecraft:carrot":20,"minecraft:snowball":69,"minecraft:dark_oak_planks":4,"minecraft:spruce_button":2,"minecraft:iron_helmet":1,"minecraft:stone_bricks":2,"minecraft:tripwire_hook":1,"minecraft:sweet_berries":70,"minecraft:goat_horn":6,"minecraft:furnace":4,"tombstone:gift":1,"minecraft:calcite":2,"minecraft:cooked_mutton":1,"epicfight:iron_spear":23,"minecraft:stone_pickaxe":187,"minecraft:leather_chestplate":2,"minecraft:wooden_pickaxe":17,"minecraft:redstone_block":1,"minecraft:leather_boots":2,"minecraft:crafting_table":10,"minecraft:mushroom_stew":9,"minecraft:white_bed":3,"epicfight:stone_spear":49,"iceandfire:silver_pickaxe":54,"minecraft:bread":13,"minecraft:suspicious_stew":1,"minecraft:spruce_sapling":3,"minecraft:stone_axe":86,"minecraft:cobblestone":27,"alexsmobs:animal_dictionary":1},"minecraft:custom":{"minecraft:interact_with_smithing_table":4,"minecraft:mob_kills":26,"minecraft:interact_with_crafting_table":49,"minecraft:open_barrel":1,"minecraft:damage_dealt_resisted":4,"minecraft:eat_cake_slice":3,"minecraft:time_since_death":7292,"minecraft:climb_one_cm":2728,"minecraft:sprint_one_cm":724845,"minecraft:walk_one_cm":791447,"minecraft:drop":70,"minecraft:damage_dealt_absorbed":117,"minecraft:play_time":156939,"minecraft:deaths":17,"minecraft:sneak_time":2910,"minecraft:walk_under_water_one_cm":64877,"minecraft:boat_one_cm":45690,"minecraft:jump":2021,"minecraft:interact_with_blast_furnace":3,"minecraft:walk_on_water_one_cm":38054,"minecraft:total_world_time":156939,"minecraft:interact_with_furnace":29,"minecraft:sleep_in_bed":1,"minecraft:waystone_activated":1,"minecraft:time_since_rest":6472,"minecraft:damage_taken":4788,"minecraft:damage_dealt":5719,"minecraft:swim_one_cm":130938,"minecraft:fly_one_cm":456577,"minecraft:open_chest":17,"minecraft:crouch_one_cm":9633,"tombstone:undead_killed":13,"minecraft:fall_one_cm":30401},"minecraft:crafted":{"minecraft:leather_boots":1,"minecraft:spruce_button":2,"minecraft:furnace":3,"minecraft:mushroom_stew":9,"minecraft:cooked_mutton":1,"minecraft:leather":8,"minecraft:stone_pickaxe":3,"minecraft:wheat":207,"iceandfire:silver_ingot":28,"minecraft:crafting_table":6,"minecraft:spruce_planks":68,"minecraft:baked_potato":5,"minecraft:wooden_pickaxe":3,"minecraft:cooked_salmon":4,"minecraft:stone_axe":3,"minecraft:bread":74,"minecraft:stick":44,"minecraft:torch":12,"iceandfire:silver_pickaxe":1},"minecraft:dropped":{"minecraft:wheat_seeds":1,"minecraft:poisonous_potato":2,"minecraft:dark_oak_slab":1,"biomemakeover:crude_fragment":3,"minecraft:coal":1,"minecraft:stick":1,"minecraft:flint":2,"tombstone:bag_of_seeds":1,"minecraft:torch":4,"tombstone:grave_key":3,"minecraft:cooked_salmon":1,"minecraft:snowball":168,"tombstone:grave_dust":1,"minecraft:gravel":4,"bakery:oat_seeds":1,"minecraft:stone_axe":1,"minecraft:sweet_berries":9,"minecraft:mangrove_roots":2,"minecraft:coarse_dirt":3,"minecraft:stone_sword":1,"minecraft:raw_copper":2,"minecraft:rotten_flesh":14,"minecraft:spruce_boat":2,"minecraft:spruce_trapdoor":3,"minecraft:spruce_planks":3,"minecraft:spider_eye":1,"minecraft:spruce_log":4,"minecraft:arrow":4,"minecraft:wooden_pickaxe":6,"minecraft:stone_pickaxe":1},"minecraft:broken":{"minecraft:stone_pickaxe":1},"minecraft:mined":{"minecraft:dark_oak_planks":6,"minecraft:spruce_planks":18,"biomemakeover:wild_mushrooms":8,"minecraft:white_bed":4,"iceandfire:silver_ore":25,"minecraft:mangrove_roots":1,"minecraft:spruce_trapdoor":2,"minecraft:glow_lichen":1,"minecraft:grass_block":6,"biomemakeover:foxglove":1,"minecraft:spruce_leaves":42,"minecraft:moss_block":1,"minecraft:large_fern":3,"minecraft:hay_block":24,"minecraft:furnace":2,"minecraft:lantern":1,"minecraft:packed_ice":21,"minecraft:stone":104,"minecraft:brown_mushroom":3,"minecraft:powder_snow":2,"minecraft:torch":1,"minecraft:crafting_table":5,"minecraft:calcite":2,"minecraft:copper_ore":2,"minecraft:cobblestone":3,"minecraft:spruce_stairs":4,"minecraft:seagrass":6,"minecraft:blue_ice":1,"minecraft:sweet_berry_bush":33,"minecraft:ice":5,"minecraft:spruce_log":19,"minecraft:birch_leaves":1,"minecraft:grass":13,"minecraft:coal_ore":84,"minecraft:dirt":1,"minecraft:tripwire_hook":1,"minecraft:stone_bricks":3,"minecraft:redstone_lamp":1,"minecraft:fern":5},"minecraft:killed_by":{"minecraft:stray":3,"minecraft:zombie":2},"minecraft:killed":{"minecraft:spider":1,"minecraft:skeleton":4,"alexsmobs:tusklin":1,"minecraft:salmon":5,"minecraft:frog":2,"minecraft:sheep":1,"minecraft:zombie":7,"minecraft:stray":2}},"DataVersion":3465}