{"stats":{"minecraft:picked_up":{"minecraft:stick":6,"scalinghealth:heart_crystal_shard":3,"minecraft:wooden_pickaxe":3,"minecraft:spruce_sapling":3,"minecraft:spruce_log":10,"minecraft:dirt":8,"minecraft:wooden_sword":1,"minecraft:rotten_flesh":3,"minecraft:stone_axe":1,"minecraft:spruce_planks":1,"minecraft:stone_pickaxe":1,"minecraft:bread":32,"minecraft:coal":7,"minecraft:snowball":24,"minecraft:cobblestone":45},"minecraft:used":{"minecraft:bread":5,"minecraft:stone_pickaxe":42,"minecraft:wooden_pickaxe":11,"minecraft:spruce_sapling":2,"minecraft:rotten_flesh":2,"minecraft:stone_axe":2,"minecraft:dirt":1,"minecraft:cobblestone":1,"minecraft:crafting_table":2,"tombstone:gift":1,"alexsmobs:animal_dictionary":1,"minecraft:snowball":1},"minecraft:custom":{"minecraft:time_since_rest":561,"minecraft:sprint_one_cm":82392,"minecraft:damage_taken":927,"minecraft:walk_one_cm":169257,"minecraft:mob_kills":1,"minecraft:drop":8,"minecraft:damage_dealt":183,"minecraft:swim_one_cm":7197,"minecraft:damage_dealt_absorbed":9,"minecraft:interact_with_crafting_table":15,"minecraft:fly_one_cm":40333,"minecraft:crouch_one_cm":777,"minecraft:play_time":24939,"tombstone:undead_killed":1,"minecraft:deaths":3,"minecraft:sneak_time":107,"minecraft:walk_under_water_one_cm":2741,"minecraft:jump":192,"minecraft:time_since_death":746,"minecraft:walk_on_water_one_cm":2558,"minecraft:total_world_time":24939,"minecraft:fall_one_cm":2829},"minecraft:crafted":{"minecraft:crafting_table":2,"minecraft:spruce_planks":40,"minecraft:stick":28,"minecraft:wooden_pickaxe":2,"minecraft:stone_pickaxe":2,"minecraft:torch":4,"minecraft:stone_axe":2},"minecraft:dropped":{"minecraft:stone_axe":1,"minecraft:spruce_planks":1,"tombstone:grave_dust":1,"minecraft:wooden_pickaxe":4,"minecraft:stick":1},"minecraft:mined":{"minecraft:spruce_planks":1,"minecraft:ice":3,"minecraft:spruce_log":10,"minecraft:grass_block":2,"minecraft:coal_ore":7,"minecraft:dirt":1,"minecraft:spruce_leaves":19,"minecraft:stone":45},"minecraft:killed":{"minecraft:zombie":1}},"DataVersion":3465}