{"stats":{"minecraft:picked_up":{"iceandfire:dragonbone":4,"minecraft:coarse_dirt":7,"minecraft:stick":10,"minecraft:crafting_table":1,"scalinghealth:heart_crystal_shard":6,"epicfight:stone_spear":1,"minecraft:wooden_pickaxe":4,"epicfight:skillbook":1,"minecraft:porkchop":3,"scalinghealth:bandages":4,"minecraft:spruce_sapling":4,"minecraft:spruce_log":13,"minecraft:spider_eye":1,"minecraft:string":1,"minecraft:dirt":37,"minecraft:wooden_sword":1,"minecraft:arrow":2,"minecraft:bone":3,"minecraft:rotten_flesh":5,"minecraft:stone_axe":2,"minecraft:spruce_planks":1,"minecraft:stone_pickaxe":1,"minecraft:bread":60,"minecraft:coal":31,"minecraft:snowball":93,"minecraft:cobblestone":54},"minecraft:used":{"minecraft:bread":8,"minecraft:stone_pickaxe":42,"minecraft:wooden_pickaxe":11,"minecraft:spruce_sapling":3,"minecraft:rotten_flesh":2,"minecraft:stone_axe":3,"minecraft:dirt":2,"minecraft:cobblestone":6,"minecraft:crafting_table":2,"tombstone:gift":1,"alexsmobs:animal_dictionary":1,"minecraft:snowball":53,"epicfight:stone_spear":49},"minecraft:custom":{"minecraft:time_since_rest":408,"minecraft:sprint_one_cm":179055,"minecraft:damage_taken":1786,"minecraft:walk_one_cm":224538,"minecraft:mob_kills":7,"minecraft:drop":10,"minecraft:damage_dealt":2488,"minecraft:swim_one_cm":18899,"minecraft:damage_dealt_absorbed":9,"minecraft:interact_with_crafting_table":17,"minecraft:fly_one_cm":99302,"minecraft:crouch_one_cm":777,"minecraft:play_time":36939,"tombstone:undead_killed":4,"minecraft:deaths":8,"minecraft:sneak_time":113,"minecraft:walk_under_water_one_cm":4849,"minecraft:jump":383,"minecraft:time_since_death":528,"minecraft:walk_on_water_one_cm":4585,"minecraft:total_world_time":36939,"minecraft:fall_one_cm":3918},"minecraft:crafted":{"minecraft:crafting_table":2,"minecraft:spruce_planks":48,"minecraft:stick":28,"minecraft:wooden_pickaxe":2,"minecraft:stone_pickaxe":2,"minecraft:torch":4,"minecraft:stone_axe":2},"minecraft:dropped":{"minecraft:stone_axe":1,"minecraft:spruce_planks":1,"tombstone:grave_dust":1,"minecraft:spider_eye":1,"minecraft:wooden_pickaxe":5,"minecraft:stick":1},"minecraft:mined":{"minecraft:spruce_planks":1,"minecraft:blue_ice":1,"minecraft:ice":3,"minecraft:spruce_log":13,"minecraft:crafting_table":1,"minecraft:grass_block":4,"minecraft:coal_ore":7,"minecraft:dirt":1,"minecraft:packed_ice":7,"minecraft:spruce_leaves":24,"minecraft:stone":45},"minecraft:killed_by":{"minecraft:stray":3,"minecraft:zombie":1},"minecraft:killed":{"minecraft:zombie":4,"minecraft:spider":1,"alexsmobs:tusklin":1}},"DataVersion":3465}