{"stats":{"minecraft:picked_up":{"minecraft:crafting_table":1,"minecraft:coarse_dirt":7,"epicfight:stone_spear":1,"minecraft:wooden_pickaxe":4,"scalinghealth:bandages":4,"minecraft:dirt":37,"minecraft:string":1,"minecraft:wooden_sword":1,"minecraft:bone":3,"minecraft:spruce_planks":10,"minecraft:stone_pickaxe":1,"minecraft:stick":10,"scalinghealth:heart_crystal_shard":6,"iceandfire:dragonbone":4,"minecraft:torch":2,"minecraft:spruce_stairs":3,"epicfight:skillbook":1,"minecraft:porkchop":3,"minecraft:spruce_sapling":4,"minecraft:spruce_log":15,"minecraft:spider_eye":1,"minecraft:dark_oak_planks":6,"minecraft:arrow":2,"minecraft:rotten_flesh":9,"minecraft:stone_axe":2,"minecraft:bread":60,"minecraft:coal":38,"minecraft:snowball":93,"minecraft:cobblestone":71},"minecraft:used":{"minecraft:stone_pickaxe":66,"minecraft:spruce_planks":1,"minecraft:wooden_pickaxe":17,"minecraft:leather_boots":1,"minecraft:rotten_flesh":9,"minecraft:torch":3,"minecraft:dirt":2,"minecraft:crafting_table":5,"minecraft:spruce_stairs":3,"minecraft:snowball":53,"epicfight:stone_spear":49,"minecraft:dark_oak_planks":4,"minecraft:spruce_button":2,"minecraft:bread":12,"minecraft:suspicious_stew":1,"minecraft:spruce_sapling":3,"minecraft:stone_axe":26,"minecraft:cobblestone":6,"minecraft:furnace":1,"tombstone:gift":1,"alexsmobs:animal_dictionary":1},"minecraft:custom":{"minecraft:interact_with_furnace":2,"minecraft:mob_kills":7,"minecraft:interact_with_crafting_table":24,"minecraft:time_since_death":24528,"minecraft:time_since_rest":24408,"minecraft:sprint_one_cm":272798,"minecraft:damage_taken":2450,"minecraft:walk_one_cm":326777,"minecraft:drop":19,"minecraft:damage_dealt":2488,"minecraft:damage_dealt_absorbed":9,"minecraft:swim_one_cm":19840,"minecraft:fly_one_cm":149355,"minecraft:open_chest":4,"minecraft:crouch_one_cm":4030,"minecraft:play_time":60939,"tombstone:undead_killed":4,"minecraft:deaths":8,"minecraft:sneak_time":1222,"minecraft:walk_under_water_one_cm":9017,"minecraft:boat_one_cm":35246,"minecraft:jump":665,"minecraft:walk_on_water_one_cm":11380,"minecraft:total_world_time":60939,"minecraft:fall_one_cm":8053},"minecraft:crafted":{"minecraft:leather_boots":1,"minecraft:crafting_table":5,"minecraft:spruce_planks":56,"minecraft:spruce_button":2,"minecraft:wooden_pickaxe":3,"minecraft:furnace":1,"minecraft:stone_axe":3,"minecraft:bread":6,"minecraft:leather":8,"minecraft:stick":40,"minecraft:stone_pickaxe":3,"minecraft:torch":12},"minecraft:dropped":{"minecraft:stone_axe":1,"minecraft:rotten_flesh":6,"minecraft:stick":1,"minecraft:torch":4,"minecraft:spruce_planks":1,"tombstone:grave_dust":1,"minecraft:spider_eye":1,"minecraft:wooden_pickaxe":6},"minecraft:mined":{"minecraft:dark_oak_planks":6,"minecraft:spruce_planks":10,"minecraft:mangrove_roots":1,"minecraft:powder_snow":2,"minecraft:crafting_table":1,"minecraft:grass_block":4,"minecraft:spruce_leaves":42,"minecraft:spruce_stairs":4,"minecraft:ice":4,"minecraft:blue_ice":1,"minecraft:spruce_log":15,"minecraft:birch_leaves":1,"minecraft:grass":2,"minecraft:coal_ore":14,"minecraft:dirt":1,"minecraft:packed_ice":15,"minecraft:stone":59},"minecraft:killed_by":{"minecraft:stray":3,"minecraft:zombie":1},"minecraft:killed":{"minecraft:spider":1,"minecraft:zombie":4,"alexsmobs:tusklin":1}},"DataVersion":3465}