{"stats":{"minecraft:picked_up":{"minecraft:crafting_table":1,"minecraft:coarse_dirt":7,"epicfight:stone_spear":1,"minecraft:wooden_pickaxe":4,"scalinghealth:bandages":4,"minecraft:dirt":37,"minecraft:string":1,"minecraft:wooden_sword":1,"minecraft:bone":3,"minecraft:spruce_planks":9,"minecraft:stone_pickaxe":1,"minecraft:stick":10,"scalinghealth:heart_crystal_shard":6,"iceandfire:dragonbone":4,"minecraft:spruce_stairs":3,"epicfight:skillbook":1,"minecraft:porkchop":3,"minecraft:spruce_sapling":4,"minecraft:spruce_log":15,"minecraft:spider_eye":1,"minecraft:dark_oak_planks":5,"minecraft:arrow":2,"minecraft:rotten_flesh":5,"minecraft:stone_axe":2,"minecraft:bread":60,"minecraft:coal":38,"minecraft:snowball":93,"minecraft:cobblestone":71},"minecraft:used":{"minecraft:stone_pickaxe":64,"minecraft:spruce_planks":1,"minecraft:wooden_pickaxe":17,"minecraft:rotten_flesh":2,"minecraft:dirt":2,"minecraft:crafting_table":3,"minecraft:snowball":53,"epicfight:stone_spear":49,"minecraft:bread":11,"minecraft:suspicious_stew":1,"minecraft:spruce_sapling":3,"minecraft:stone_axe":26,"minecraft:cobblestone":6,"tombstone:gift":1,"alexsmobs:animal_dictionary":1},"minecraft:custom":{"minecraft:mob_kills":7,"minecraft:interact_with_crafting_table":19,"minecraft:time_since_death":12528,"minecraft:time_since_rest":12408,"minecraft:sprint_one_cm":254090,"minecraft:damage_taken":2151,"minecraft:walk_one_cm":298778,"minecraft:drop":11,"minecraft:damage_dealt":2488,"minecraft:damage_dealt_absorbed":9,"minecraft:swim_one_cm":19840,"minecraft:fly_one_cm":138899,"minecraft:open_chest":4,"minecraft:crouch_one_cm":1581,"minecraft:play_time":48939,"tombstone:undead_killed":4,"minecraft:deaths":8,"minecraft:sneak_time":174,"minecraft:walk_under_water_one_cm":8701,"minecraft:boat_one_cm":35246,"minecraft:jump":528,"minecraft:walk_on_water_one_cm":11346,"minecraft:total_world_time":48939,"minecraft:fall_one_cm":6456},"minecraft:crafted":{"minecraft:crafting_table":3,"minecraft:spruce_planks":48,"minecraft:wooden_pickaxe":3,"minecraft:stone_axe":3,"minecraft:bread":6,"minecraft:stick":36,"minecraft:stone_pickaxe":3,"minecraft:torch":4},"minecraft:dropped":{"minecraft:stone_axe":1,"minecraft:stick":1,"minecraft:spruce_planks":1,"tombstone:grave_dust":1,"minecraft:spider_eye":1,"minecraft:wooden_pickaxe":6},"minecraft:mined":{"minecraft:dark_oak_planks":5,"minecraft:spruce_planks":9,"minecraft:powder_snow":2,"minecraft:crafting_table":1,"minecraft:grass_block":4,"minecraft:spruce_leaves":24,"minecraft:spruce_stairs":4,"minecraft:ice":4,"minecraft:blue_ice":1,"minecraft:spruce_log":15,"minecraft:grass":2,"minecraft:coal_ore":14,"minecraft:dirt":1,"minecraft:packed_ice":15,"minecraft:stone":59},"minecraft:killed_by":{"minecraft:stray":3,"minecraft:zombie":1},"minecraft:killed":{"minecraft:spider":1,"minecraft:zombie":4,"alexsmobs:tusklin":1}},"DataVersion":3465}