{"stats":{"minecraft:picked_up":{"minecraft:leather_chestplate":1,"minecraft:wheat":2,"minecraft:crafting_table":5,"minecraft:coarse_dirt":7,"epicfight:stone_spear":1,"minecraft:brown_mushroom":13,"minecraft:leather_leggings":1,"minecraft:leather":4,"minecraft:salmon":5,"minecraft:redstone_lamp":2,"minecraft:wooden_pickaxe":4,"minecraft:red_mushroom":13,"scalinghealth:bandages":4,"minecraft:paper":13,"minecraft:lantern":2,"minecraft:dirt":39,"minecraft:string":3,"minecraft:raw_copper":12,"minecraft:wooden_sword":1,"minecraft:white_carpet":2,"minecraft:leather_boots":1,"minecraft:bone":3,"minecraft:stone_bricks":4,"minecraft:wheat_seeds":5,"minecraft:spruce_planks":30,"minecraft:stone_pickaxe":2,"minecraft:calcite":2,"minecraft:moss_block":2,"minecraft:furnace":2,"minecraft:book":1,"minecraft:stick":13,"scalinghealth:heart_crystal_shard":6,"iceandfire:dragonbone":4,"minecraft:sweet_berries":31,"minecraft:bowl":1,"minecraft:torch":12,"minecraft:spruce_stairs":3,"epicfight:skillbook":1,"minecraft:porkchop":3,"minecraft:spruce_sapling":4,"minecraft:ink_sac":6,"minecraft:white_bed":3,"minecraft:spruce_log":18,"minecraft:spider_eye":1,"minecraft:leather_helmet":1,"minecraft:dark_oak_planks":6,"biomemakeover:foxglove":1,"iceandfire:silver_pickaxe":1,"minecraft:arrow":2,"minecraft:rotten_flesh":9,"minecraft:stone_axe":3,"minecraft:emerald":1,"minecraft:bread":60,"minecraft:music_disc_wait":2,"minecraft:mutton":1,"minecraft:white_wool":2,"minecraft:coal":116,"minecraft:snowball":109,"iceandfire:raw_silver":26,"minecraft:cobblestone":140},"minecraft:used":{"minecraft:calcite":2,"minecraft:cooked_mutton":1,"minecraft:stone_pickaxe":187,"minecraft:spruce_planks":1,"minecraft:wooden_pickaxe":17,"minecraft:cooked_salmon":3,"minecraft:leather_boots":2,"minecraft:rotten_flesh":9,"minecraft:torch":4,"minecraft:dirt":4,"minecraft:crafting_table":9,"minecraft:mushroom_stew":5,"minecraft:spruce_stairs":3,"minecraft:white_bed":2,"minecraft:snowball":69,"epicfight:stone_spear":49,"iceandfire:silver_pickaxe":54,"minecraft:dark_oak_planks":4,"minecraft:spruce_button":2,"minecraft:bread":12,"minecraft:suspicious_stew":1,"minecraft:spruce_sapling":3,"minecraft:stone_bricks":2,"minecraft:stone_axe":56,"minecraft:cobblestone":15,"minecraft:sweet_berries":26,"minecraft:furnace":4,"tombstone:gift":1,"alexsmobs:animal_dictionary":1},"minecraft:custom":{"minecraft:interact_with_furnace":26,"minecraft:mob_kills":13,"minecraft:interact_with_crafting_table":35,"minecraft:time_since_death":17897,"minecraft:sleep_in_bed":1,"minecraft:climb_one_cm":578,"minecraft:time_since_rest":11621,"minecraft:waystone_activated":1,"minecraft:sprint_one_cm":592058,"minecraft:damage_taken":3621,"minecraft:walk_one_cm":636242,"minecraft:drop":34,"minecraft:damage_dealt":2841,"minecraft:damage_dealt_absorbed":54,"minecraft:swim_one_cm":118241,"minecraft:fly_one_cm":379570,"minecraft:open_chest":7,"minecraft:crouch_one_cm":8450,"minecraft:play_time":120939,"tombstone:undead_killed":4,"minecraft:deaths":13,"minecraft:sneak_time":2608,"minecraft:walk_under_water_one_cm":25258,"minecraft:boat_one_cm":45690,"minecraft:jump":1589,"minecraft:walk_on_water_one_cm":32548,"minecraft:total_world_time":120939,"minecraft:fall_one_cm":24043},"minecraft:crafted":{"iceandfire:silver_ingot":28,"minecraft:leather_boots":1,"minecraft:crafting_table":6,"minecraft:spruce_planks":60,"minecraft:spruce_button":2,"minecraft:wooden_pickaxe":3,"minecraft:furnace":3,"minecraft:cooked_salmon":4,"minecraft:mushroom_stew":5,"minecraft:stone_axe":3,"minecraft:cooked_mutton":1,"minecraft:bread":6,"minecraft:leather":8,"minecraft:stick":44,"minecraft:stone_pickaxe":3,"minecraft:torch":12,"iceandfire:silver_pickaxe":1},"minecraft:dropped":{"minecraft:stone_axe":1,"minecraft:sweet_berries":9,"minecraft:wheat_seeds":1,"minecraft:poisonous_potato":2,"minecraft:rotten_flesh":6,"minecraft:coal":1,"minecraft:stick":1,"minecraft:torch":4,"minecraft:spruce_planks":1,"minecraft:cooked_salmon":1,"tombstone:grave_dust":1,"minecraft:spider_eye":1,"minecraft:stone_pickaxe":1,"minecraft:wooden_pickaxe":6},"minecraft:mined":{"minecraft:dark_oak_planks":6,"minecraft:white_bed":3,"minecraft:spruce_planks":18,"iceandfire:silver_ore":25,"biomemakeover:wild_mushrooms":8,"minecraft:glow_lichen":1,"minecraft:mangrove_roots":1,"minecraft:powder_snow":2,"minecraft:crafting_table":5,"minecraft:calcite":2,"minecraft:grass_block":6,"biomemakeover:foxglove":1,"minecraft:copper_ore":2,"minecraft:cobblestone":3,"minecraft:spruce_leaves":42,"minecraft:moss_block":1,"minecraft:seagrass":6,"minecraft:spruce_stairs":4,"minecraft:furnace":2,"minecraft:sweet_berry_bush":14,"minecraft:ice":5,"minecraft:blue_ice":1,"minecraft:spruce_log":19,"minecraft:birch_leaves":1,"minecraft:grass":10,"minecraft:coal_ore":84,"minecraft:lantern":1,"minecraft:dirt":1,"minecraft:packed_ice":21,"minecraft:stone_bricks":3,"minecraft:stone":104,"minecraft:fern":5,"minecraft:redstone_lamp":1},"minecraft:broken":{"minecraft:stone_pickaxe":1},"minecraft:killed_by":{"minecraft:stray":3,"minecraft:zombie":1},"minecraft:killed":{"minecraft:salmon":5,"minecraft:spider":1,"minecraft:sheep":1,"minecraft:zombie":4,"alexsmobs:tusklin":1}},"DataVersion":3465}