{"stats":{"minecraft:broken":{"minecraft:leather_leggings":1},"minecraft:used":{"epicfight:skillbook":6,"minecraft:oak_planks":24,"minecraft:spruce_planks":69,"minecraft:mossy_stone_brick_stairs":1,"minecraft:diamond_axe":22,"minecraft:torch":19,"minecraft:rail":2,"minecraft:dirt":1,"scalinghealth:heart_crystal":1,"epicfight:diamond_spear":479,"minecraft:crafting_table":1,"minecraft:spruce_stairs":1,"minecraft:shears":4,"minecraft:oak_log":1,"minecraft:diamond_pickaxe":17,"minecraft:music_disc_pigstep":1,"minecraft:bread":12,"minecraft:stone_brick_stairs":3,"minecraft:green_candle":1,"minecraft:chiseled_stone_bricks":1,"minecraft:andesite":6,"tombstone:gift":2,"minecraft:golden_axe":1},"minecraft:crafted":{"minecraft:oak_planks":28,"minecraft:redstone":9,"minecraft:crafting_table":1,"minecraft:spruce_planks":68,"explorerscompass:explorerscompass":1,"minecraft:compass":1,"minecraft:shears":1},"minecraft:mined":{"minecraft:redstone_block":1,"minecraft:spruce_planks":1,"minecraft:torch":4,"minecraft:spruce_leaves":2,"minecraft:oak_planks":3,"minecraft:wall_torch":1,"minecraft:chiseled_stone_bricks":1,"minecraft:spruce_log":18,"minecraft:andesite":6,"minecraft:diamond_block":1,"minecraft:stone_brick_stairs":3,"minecraft:mossy_stone_brick_stairs":1,"snowrealmagic:stairs":1,"minecraft:cobweb":4,"minecraft:cracked_stone_bricks":4},"minecraft:custom":{"minecraft:interact_with_anvil":1,"minecraft:mob_kills":101,"minecraft:play_record":1,"minecraft:interact_with_crafting_table":5,"minecraft:open_barrel":7,"minecraft:bell_ring":1,"minecraft:damage_dealt_resisted":1061,"minecraft:leave_game":3,"minecraft:time_since_death":13722,"minecraft:climb_one_cm":196,"minecraft:time_since_rest":13596,"minecraft:sprint_one_cm":184292,"minecraft:damage_taken":3217,"minecraft:walk_one_cm":440715,"minecraft:drop":16,"minecraft:damage_dealt":27811,"minecraft:damage_dealt_absorbed":80,"minecraft:swim_one_cm":106693,"minecraft:fly_one_cm":163550,"minecraft:open_chest":10,"minecraft:crouch_one_cm":30759,"minecraft:play_time":100320,"tombstone:undead_killed":98,"minecraft:deaths":22,"minecraft:sneak_time":3980,"minecraft:walk_under_water_one_cm":116147,"minecraft:jump":546,"minecraft:interact_with_blast_furnace":1,"minecraft:walk_on_water_one_cm":37140,"minecraft:total_world_time":100320,"minecraft:fall_one_cm":9259},"minecraft:dropped":{"minecraft:bread":1,"minecraft:wheat_seeds":1,"crittersandcompanions:clam":2,"minecraft:golden_axe":3,"minecraft:rotten_flesh":9,"minecraft:iron_boots":1,"minecraft:chainmail_helmet":1,"minecraft:leather_helmet":1,"minecraft:leather_chestplate":1,"minecraft:dirt":13,"minecraft:wooden_axe":1,"minecraft:leather_leggings":2},"minecraft:picked_up":{"minecraft:wooden_axe":5,"minecraft:iron_chestplate":11,"minecraft:leather_chestplate":3,"minecraft:redstone_block":1,"minecraft:andesite":6,"minecraft:leather_leggings":7,"minecraft:stone_brick_stairs":3,"minecraft:oak_log":449,"minecraft:chainmail_chestplate":2,"minecraft:golden_boots":8,"minecraft:shield":7,"scalinghealth:heart_crystal":15,"minecraft:lapis_lazuli":120,"minecraft:string":6,"minecraft:dirt":14,"tombstone:gift":19,"scalinghealth:medkit":8,"minecraft:iron_leggings":11,"minecraft:bone":21,"minecraft:bow":3,"minecraft:cracked_stone_bricks":4,"minecraft:wheat_seeds":1,"minecraft:green_candle":1,"minecraft:gold_nugget":231,"minecraft:spruce_planks":1,"minecraft:iron_ingot":455,"minecraft:cobweb":4,"minecraft:mossy_stone_brick_stairs":1,"minecraft:iron_sword":7,"minecraft:oak_planks":7,"crittersandcompanions:clam":18,"minecraft:iron_boots":14,"minecraft:golden_helmet":3,"scalinghealth:heart_crystal_shard":94,"epicfight:diamond_spear":11,"explorerscompass:explorerscompass":5,"minecraft:chiseled_stone_bricks":1,"minecraft:torch":636,"minecraft:spruce_stairs":1,"epicfight:skillbook":17,"minecraft:golden_axe":7,"sophisticatedbackpacks:iron_backpack":11,"tombstone:grave_dust":48,"minecraft:music_disc_pigstep":2,"minecraft:spruce_log":17,"minecraft:carrot":4,"minecraft:diamond_block":5,"minecraft:golden_chestplate":6,"minecraft:leather_helmet":6,"minecraft:bundle":12,"minecraft:arrow":34,"minecraft:rotten_flesh":182,"minecraft:diamond":50,"minecraft:iron_helmet":11,"minecraft:diamond_axe":11,"minecraft:bread":270,"scalinghealth:cursed_heart":31,"tombstone:essence_of_undeath":1,"minecraft:chainmail_helmet":1,"tombstone:magic_scroll":19,"minecraft:rail":8,"minecraft:cobblestone":2,"minecraft:diamond_pickaxe":11},"minecraft:killed_by":{"man:managgresive":1,"minecraft:player":1,"minecraft:skeleton":7,"minecraft:creeper":1,"minecraft:zombie":5,"minecraft:drowned":4},"minecraft:killed":{"minecraft:wolf":1,"hordes:zombie_player":5,"minecraft:spider":2,"hordes:drowned_player":6,"minecraft:skeleton":9,"minecraft:zombie":68,"minecraft:drowned":10}},"DataVersion":3465}