{"stats":{"minecraft:killed":{"hordes:zombie_player":1,"minecraft:spider":2,"hordes:drowned_player":6,"minecraft:skeleton":1,"minecraft:zombie":9,"minecraft:drowned":10},"minecraft:custom":{"minecraft:interact_with_anvil":1,"minecraft:mob_kills":29,"minecraft:play_record":1,"minecraft:interact_with_crafting_table":5,"minecraft:open_barrel":7,"minecraft:bell_ring":1,"minecraft:damage_dealt_resisted":72,"minecraft:leave_game":2,"minecraft:time_since_death":19716,"minecraft:climb_one_cm":196,"minecraft:time_since_rest":19460,"minecraft:sprint_one_cm":182344,"minecraft:walk_one_cm":325963,"minecraft:damage_taken":2225,"minecraft:drop":5,"minecraft:damage_dealt":11169,"minecraft:damage_dealt_absorbed":80,"minecraft:swim_one_cm":106693,"minecraft:fly_one_cm":158785,"minecraft:open_chest":10,"minecraft:crouch_one_cm":30759,"minecraft:play_time":74414,"tombstone:undead_killed":27,"minecraft:deaths":15,"minecraft:sneak_time":3980,"minecraft:walk_under_water_one_cm":116147,"minecraft:jump":478,"minecraft:interact_with_blast_furnace":1,"minecraft:walk_on_water_one_cm":37140,"minecraft:total_world_time":74414,"minecraft:fall_one_cm":9050},"minecraft:killed_by":{"minecraft:skeleton":6,"minecraft:creeper":1,"minecraft:zombie":1,"minecraft:drowned":4},"minecraft:used":{"epicfight:skillbook":4,"minecraft:oak_planks":9,"minecraft:spruce_planks":69,"minecraft:mossy_stone_brick_stairs":1,"minecraft:diamond_axe":21,"minecraft:torch":17,"minecraft:dirt":1,"minecraft:crafting_table":1,"epicfight:diamond_spear":155,"minecraft:spruce_stairs":1,"minecraft:shears":4,"minecraft:diamond_pickaxe":17,"minecraft:music_disc_pigstep":1,"minecraft:bread":9,"minecraft:stone_brick_stairs":3,"minecraft:green_candle":1,"minecraft:chiseled_stone_bricks":1,"minecraft:andesite":6,"tombstone:gift":2},"minecraft:picked_up":{"minecraft:iron_chestplate":7,"minecraft:redstone_block":1,"minecraft:andesite":6,"minecraft:stone_brick_stairs":3,"minecraft:oak_log":448,"minecraft:golden_boots":8,"minecraft:shield":7,"scalinghealth:heart_crystal":14,"minecraft:lapis_lazuli":120,"minecraft:string":6,"minecraft:dirt":14,"tombstone:gift":15,"scalinghealth:medkit":3,"minecraft:iron_leggings":7,"minecraft:bone":6,"minecraft:bow":3,"minecraft:cracked_stone_bricks":4,"minecraft:wheat_seeds":1,"minecraft:green_candle":1,"minecraft:gold_nugget":231,"minecraft:spruce_planks":1,"minecraft:iron_ingot":455,"minecraft:cobweb":4,"minecraft:oak_planks":1,"minecraft:mossy_stone_brick_stairs":1,"minecraft:iron_sword":7,"crittersandcompanions:clam":18,"minecraft:iron_boots":7,"epicfight:diamond_spear":7,"minecraft:chiseled_stone_bricks":1,"minecraft:torch":431,"minecraft:spruce_stairs":1,"epicfight:skillbook":4,"minecraft:music_disc_pigstep":2,"tombstone:grave_dust":16,"sophisticatedbackpacks:iron_backpack":7,"minecraft:spruce_log":17,"minecraft:diamond_block":1,"minecraft:bundle":4,"minecraft:arrow":6,"minecraft:rotten_flesh":36,"minecraft:diamond":50,"minecraft:iron_helmet":7,"minecraft:diamond_axe":7,"minecraft:bread":190,"scalinghealth:cursed_heart":16,"tombstone:magic_scroll":12,"minecraft:diamond_pickaxe":7},"minecraft:mined":{"minecraft:spruce_planks":1,"minecraft:redstone_block":1,"minecraft:torch":3,"minecraft:spruce_leaves":2,"minecraft:oak_planks":1,"minecraft:wall_torch":1,"minecraft:chiseled_stone_bricks":1,"minecraft:spruce_log":18,"minecraft:andesite":6,"minecraft:diamond_block":1,"minecraft:stone_brick_stairs":3,"minecraft:mossy_stone_brick_stairs":1,"snowrealmagic:stairs":1,"minecraft:cobweb":4,"minecraft:cracked_stone_bricks":4},"minecraft:crafted":{"minecraft:oak_planks":16,"minecraft:redstone":9,"minecraft:crafting_table":1,"minecraft:spruce_planks":68,"explorerscompass:explorerscompass":1,"minecraft:compass":1,"minecraft:shears":1},"minecraft:dropped":{"minecraft:wheat_seeds":1,"crittersandcompanions:clam":2,"minecraft:rotten_flesh":9,"minecraft:dirt":13}},"DataVersion":3465}