{"stats":{"minecraft:killed":{"minecraft:wolf":1,"hordes:zombie_player":4,"minecraft:spider":2,"hordes:drowned_player":6,"minecraft:skeleton":7,"minecraft:zombie":66,"minecraft:drowned":10},"minecraft:broken":{"minecraft:leather_leggings":1},"minecraft:custom":{"minecraft:interact_with_anvil":1,"minecraft:mob_kills":96,"minecraft:play_record":1,"minecraft:interact_with_crafting_table":5,"minecraft:open_barrel":7,"minecraft:bell_ring":1,"minecraft:damage_dealt_resisted":1007,"minecraft:leave_game":2,"minecraft:time_since_death":1898,"minecraft:climb_one_cm":196,"minecraft:time_since_rest":1217,"minecraft:sprint_one_cm":183482,"minecraft:walk_one_cm":419418,"minecraft:damage_taken":3130,"minecraft:drop":11,"minecraft:damage_dealt":26904,"minecraft:damage_dealt_absorbed":80,"minecraft:swim_one_cm":106693,"minecraft:fly_one_cm":162651,"minecraft:open_chest":10,"minecraft:crouch_one_cm":30759,"minecraft:play_time":86414,"tombstone:undead_killed":93,"minecraft:deaths":21,"minecraft:sneak_time":3980,"minecraft:walk_under_water_one_cm":116147,"minecraft:jump":513,"minecraft:interact_with_blast_furnace":1,"minecraft:walk_on_water_one_cm":37140,"minecraft:total_world_time":86414,"minecraft:fall_one_cm":9259},"minecraft:killed_by":{"man:managgresive":1,"minecraft:player":1,"minecraft:skeleton":7,"minecraft:creeper":1,"minecraft:zombie":4,"minecraft:drowned":4},"minecraft:used":{"epicfight:skillbook":4,"minecraft:oak_planks":24,"minecraft:spruce_planks":69,"minecraft:mossy_stone_brick_stairs":1,"minecraft:diamond_axe":22,"minecraft:torch":17,"minecraft:dirt":1,"scalinghealth:heart_crystal":1,"minecraft:crafting_table":1,"epicfight:diamond_spear":464,"minecraft:spruce_stairs":1,"minecraft:shears":4,"minecraft:oak_log":1,"minecraft:diamond_pickaxe":17,"minecraft:music_disc_pigstep":1,"minecraft:bread":12,"minecraft:stone_brick_stairs":3,"minecraft:green_candle":1,"minecraft:chiseled_stone_bricks":1,"minecraft:andesite":6,"tombstone:gift":2,"minecraft:golden_axe":1},"minecraft:picked_up":{"minecraft:wooden_axe":3,"minecraft:iron_chestplate":10,"minecraft:leather_chestplate":1,"minecraft:redstone_block":1,"minecraft:leather_leggings":3,"minecraft:andesite":6,"minecraft:stone_brick_stairs":3,"minecraft:oak_log":449,"minecraft:golden_boots":8,"minecraft:shield":7,"scalinghealth:heart_crystal":15,"minecraft:lapis_lazuli":120,"minecraft:string":6,"minecraft:dirt":14,"tombstone:gift":18,"scalinghealth:medkit":6,"minecraft:iron_leggings":10,"minecraft:bone":13,"minecraft:bow":3,"minecraft:cracked_stone_bricks":4,"minecraft:wheat_seeds":1,"minecraft:green_candle":1,"minecraft:gold_nugget":231,"minecraft:spruce_planks":1,"minecraft:iron_ingot":455,"minecraft:cobweb":4,"minecraft:oak_planks":3,"minecraft:mossy_stone_brick_stairs":1,"minecraft:iron_sword":7,"crittersandcompanions:clam":18,"minecraft:iron_boots":12,"minecraft:golden_helmet":2,"scalinghealth:heart_crystal_shard":69,"epicfight:diamond_spear":10,"explorerscompass:explorerscompass":4,"minecraft:chiseled_stone_bricks":1,"minecraft:torch":584,"minecraft:spruce_stairs":1,"epicfight:skillbook":14,"minecraft:golden_axe":4,"minecraft:music_disc_pigstep":2,"tombstone:grave_dust":36,"sophisticatedbackpacks:iron_backpack":10,"minecraft:spruce_log":17,"minecraft:carrot":3,"minecraft:diamond_block":4,"minecraft:golden_chestplate":4,"minecraft:leather_helmet":3,"minecraft:bundle":10,"minecraft:arrow":25,"minecraft:rotten_flesh":136,"minecraft:diamond":50,"minecraft:iron_helmet":10,"minecraft:diamond_axe":10,"minecraft:chainmail_helmet":1,"minecraft:bread":250,"scalinghealth:cursed_heart":27,"tombstone:magic_scroll":17,"minecraft:rail":6,"minecraft:diamond_pickaxe":10},"minecraft:mined":{"minecraft:spruce_planks":1,"minecraft:redstone_block":1,"minecraft:torch":3,"minecraft:spruce_leaves":2,"minecraft:oak_planks":3,"minecraft:wall_torch":1,"minecraft:chiseled_stone_bricks":1,"minecraft:spruce_log":18,"minecraft:andesite":6,"minecraft:diamond_block":1,"minecraft:stone_brick_stairs":3,"minecraft:mossy_stone_brick_stairs":1,"snowrealmagic:stairs":1,"minecraft:cobweb":4,"minecraft:cracked_stone_bricks":4},"minecraft:crafted":{"minecraft:oak_planks":28,"minecraft:redstone":9,"minecraft:crafting_table":1,"minecraft:spruce_planks":68,"explorerscompass:explorerscompass":1,"minecraft:compass":1,"minecraft:shears":1},"minecraft:dropped":{"minecraft:wheat_seeds":1,"crittersandcompanions:clam":2,"minecraft:rotten_flesh":9,"minecraft:iron_boots":1,"minecraft:chainmail_helmet":1,"minecraft:leather_helmet":1,"minecraft:leather_chestplate":1,"minecraft:dirt":13,"minecraft:leather_leggings":2}},"DataVersion":3465}