{"stats":{"minecraft:custom":{"minecraft:open_barrel":7,"minecraft:time_since_rest":198,"minecraft:open_chest":5,"minecraft:deaths":2,"minecraft:crouch_one_cm":2440,"minecraft:sprint_one_cm":53424,"minecraft:play_time":21680,"minecraft:damage_taken":242,"minecraft:walk_one_cm":90559,"minecraft:sneak_time":256,"minecraft:walk_under_water_one_cm":887,"minecraft:jump":90,"minecraft:damage_dealt":560,"minecraft:interact_with_blast_furnace":1,"minecraft:leave_game":1,"minecraft:play_record":1,"minecraft:time_since_death":347,"minecraft:walk_on_water_one_cm":2016,"minecraft:total_world_time":21680,"minecraft:fall_one_cm":853,"minecraft:fly_one_cm":29402},"minecraft:killed_by":{"minecraft:skeleton":2},"minecraft:used":{"minecraft:green_candle":1,"minecraft:torch":6,"minecraft:diamond_pickaxe":6,"minecraft:music_disc_pigstep":1,"epicfight:diamond_spear":11,"minecraft:andesite":6},"minecraft:picked_up":{"minecraft:andesite":6,"minecraft:torch":3,"minecraft:green_candle":1,"minecraft:music_disc_pigstep":2,"minecraft:lapis_lazuli":15},"minecraft:mined":{"minecraft:andesite":6,"minecraft:torch":3}},"DataVersion":3465}