{"stats":{"minecraft:killed":{"hordes:zombie_player":1,"minecraft:drowned":7,"hordes:drowned_player":4},"minecraft:custom":{"minecraft:time_since_rest":771,"minecraft:sprint_one_cm":78476,"minecraft:damage_taken":1233,"minecraft:walk_one_cm":138543,"minecraft:mob_kills":12,"minecraft:interact_with_anvil":1,"minecraft:damage_dealt":6142,"minecraft:play_record":1,"minecraft:swim_one_cm":52281,"minecraft:fly_one_cm":84435,"minecraft:open_barrel":7,"minecraft:open_chest":6,"minecraft:crouch_one_cm":2814,"minecraft:play_time":38414,"tombstone:undead_killed":12,"minecraft:deaths":10,"minecraft:sneak_time":509,"minecraft:walk_under_water_one_cm":72862,"minecraft:damage_dealt_resisted":72,"minecraft:jump":192,"minecraft:interact_with_blast_furnace":1,"minecraft:leave_game":2,"minecraft:walk_on_water_one_cm":25746,"minecraft:time_since_death":970,"minecraft:total_world_time":38414,"minecraft:fall_one_cm":2328},"minecraft:killed_by":{"minecraft:drowned":4,"minecraft:skeleton":3,"minecraft:zombie":1},"minecraft:used":{"epicfight:skillbook":1,"minecraft:diamond_pickaxe":6,"minecraft:music_disc_pigstep":1,"minecraft:bread":4,"minecraft:green_candle":1,"minecraft:torch":7,"epicfight:diamond_spear":81,"minecraft:andesite":6,"tombstone:gift":1},"minecraft:picked_up":{"minecraft:iron_chestplate":5,"epicfight:diamond_spear":5,"minecraft:andesite":6,"minecraft:torch":309,"minecraft:oak_log":320,"sophisticatedbackpacks:iron_backpack":5,"minecraft:golden_boots":6,"tombstone:grave_dust":11,"minecraft:music_disc_pigstep":2,"minecraft:shield":5,"scalinghealth:heart_crystal":10,"minecraft:lapis_lazuli":90,"tombstone:gift":11,"minecraft:bundle":2,"minecraft:iron_leggings":5,"minecraft:rotten_flesh":14,"minecraft:diamond":50,"minecraft:green_candle":1,"minecraft:gold_nugget":165,"minecraft:iron_helmet":5,"minecraft:iron_ingot":322,"minecraft:diamond_axe":5,"scalinghealth:cursed_heart":7,"minecraft:bread":141,"tombstone:magic_scroll":8,"minecraft:iron_sword":5,"crittersandcompanions:clam":13,"minecraft:iron_boots":5,"minecraft:diamond_pickaxe":5},"minecraft:mined":{"minecraft:andesite":6,"minecraft:torch":3,"minecraft:wall_torch":1}},"DataVersion":3465}