{"stats":{"minecraft:killed":{"minecraft:skeleton":1,"minecraft:zombie":1},"minecraft:mined":{"minecraft:crafting_table":2,"minecraft:yellow_bed":2,"minecraft:grass":2,"minecraft:grass_block":3,"minecraft:oak_log":16,"minecraft:dirt_path":2,"minecraft:dirt":5,"minecraft:copper_ore":11,"minecraft:cobblestone":1,"minecraft:stone":32,"minecraft:oak_leaves":4},"minecraft:dropped":{"minecraft:dirt":49,"minecraft:wheat_seeds":1,"minecraft:spruce_trapdoor":1,"minecraft:raw_copper":33,"tombstone:grave_key":2,"tombstone:grave_dust":4,"minecraft:wooden_pickaxe":3},"minecraft:custom":{"minecraft:time_since_rest":107,"minecraft:sprint_one_cm":132393,"minecraft:damage_taken":1720,"minecraft:walk_one_cm":129375,"minecraft:mob_kills":2,"minecraft:drop":12,"minecraft:damage_dealt":533,"minecraft:interact_with_crafting_table":13,"minecraft:swim_one_cm":30536,"minecraft:fly_one_cm":160449,"minecraft:open_chest":1,"minecraft:crouch_one_cm":6561,"minecraft:play_time":49874,"tombstone:undead_killed":2,"minecraft:deaths":9,"minecraft:sneak_time":1027,"minecraft:walk_under_water_one_cm":10313,"minecraft:jump":464,"minecraft:leave_game":1,"minecraft:time_since_death":19571,"minecraft:walk_on_water_one_cm":12850,"minecraft:sleep_in_bed":2,"minecraft:total_world_time":49874,"minecraft:fall_one_cm":9606},"minecraft:killed_by":{"man:managgresive":1,"hordes:zombie_player":3,"minecraft:skeleton":1,"minecraft:creeper":4},"minecraft:used":{"minecraft:bread":3,"minecraft:stone_pickaxe":34,"minecraft:wooden_pickaxe":18,"minecraft:stone_axe":3,"minecraft:dirt":4,"minecraft:cobblestone":17,"minecraft:crafting_table":5,"minecraft:yellow_bed":1,"tombstone:gift":3,"epicfight:stone_spear":7},"minecraft:picked_up":{"scalinghealth:heart_crystal_shard":6,"minecraft:crafting_table":2,"minecraft:wooden_pickaxe":1,"scalinghealth:bandages":3,"minecraft:oak_log":16,"tombstone:grave_key":1,"tombstone:grave_dust":5,"minecraft:yellow_bed":3,"minecraft:dirt":39,"minecraft:raw_copper":33,"minecraft:rotten_flesh":2,"minecraft:bread":26,"tombstone:magic_scroll":1,"minecraft:oak_planks":7,"minecraft:spruce_trapdoor":1,"minecraft:cobblestone":37},"minecraft:crafted":{"epicfight:stone_spear":1,"minecraft:oak_planks":32,"minecraft:crafting_table":4,"minecraft:stick":20,"minecraft:wooden_pickaxe":2,"minecraft:iron_pickaxe":1,"minecraft:stone_pickaxe":2,"minecraft:stone_sword":1,"minecraft:stone_axe":2}},"DataVersion":3465}