{"stats":{"minecraft:killed":{"hordes:zombie_player":6,"minecraft:skeleton":5,"minecraft:creeper":2,"minecraft:sheep":4,"minecraft:zombie":15,"minecraft:stray":1,"minecraft:cow":2},"minecraft:mined":{"iceandfire:silver_ore":10,"minecraft:deepslate_diamond_ore":2,"minecraft:grass_block":3,"minecraft:jungle_planks":2,"minecraft:hay_block":10,"minecraft:iron_ore":15,"minecraft:acacia_wood":1,"minecraft:andesite":16,"minecraft:deepslate_lapis_ore":2,"minecraft:potatoes":5,"minecraft:dirt_path":2,"minecraft:stone":117,"scalinghealth:heart_crystal_ore":1,"minecraft:acacia_leaves":1,"minecraft:smoker":1,"minecraft:stripped_dark_oak_log":1,"minecraft:crafting_table":2,"minecraft:torch":1,"minecraft:emerald_ore":5,"minecraft:oak_wood":2,"minecraft:chest":1,"minecraft:cobblestone":5,"minecraft:copper_ore":30,"minecraft:deepslate_coal_ore":2,"minecraft:lapis_ore":7,"minecraft:wall_torch":1,"minecraft:wheat":4,"minecraft:yellow_bed":4,"minecraft:grass":2,"minecraft:coal_ore":89,"minecraft:oak_log":23,"minecraft:dirt":5,"minecraft:sand":1,"minecraft:oak_leaves":4,"minecraft:deepslate_emerald_ore":1,"minecraft:redstone_lamp":3},"minecraft:custom":{"minecraft:mob_kills":35,"minecraft:inspect_hopper":3,"minecraft:interact_with_crafting_table":18,"minecraft:open_barrel":3,"minecraft:damage_dealt_resisted":90,"minecraft:leave_game":1,"minecraft:time_since_death":5361,"minecraft:climb_one_cm":3751,"minecraft:damage_resisted":22,"minecraft:sprint_one_cm":380185,"minecraft:walk_one_cm":516586,"minecraft:damage_blocked_by_shield":162,"minecraft:drop":65,"minecraft:play_time":115874,"minecraft:deaths":39,"minecraft:sneak_time":4086,"minecraft:walk_under_water_one_cm":21926,"minecraft:jump":1866,"minecraft:interact_with_blast_furnace":2,"minecraft:walk_on_water_one_cm":23027,"minecraft:total_world_time":115874,"minecraft:sleep_in_bed":5,"minecraft:time_since_rest":5169,"minecraft:damage_taken":6538,"minecraft:damage_dealt":7860,"minecraft:swim_one_cm":46280,"minecraft:fly_one_cm":545440,"minecraft:open_chest":18,"minecraft:crouch_one_cm":23019,"tombstone:undead_killed":27,"minecraft:interact_with_smoker":1,"minecraft:fall_one_cm":45045},"minecraft:dropped":{"minecraft:enchanted_book":2,"minecraft:wheat_seeds":12,"minecraft:lapis_lazuli":6,"scalinghealth:cursed_heart":4,"minecraft:cobblestone":20,"minecraft:iron_horse_armor":1,"epicfight:stone_spear":1,"minecraft:dirt":50,"minecraft:cornflower":1,"tombstone:grave_key":3,"tombstone:grave_dust":4,"minecraft:sunflower":8,"epicfight:stone_greatsword":3,"minecraft:wither_rose":2,"minecraft:sand":1,"minecraft:music_disc_wait":2,"minecraft:bone":9,"minecraft:mangrove_roots":1,"minecraft:raw_copper":99,"minecraft:birch_sapling":3,"minecraft:wheat":4,"minecraft:stripped_dark_oak_log":1,"minecraft:oak_planks":4,"minecraft:carrot":1,"minecraft:gunpowder":2,"minecraft:spruce_trapdoor":1,"minecraft:andesite":87,"minecraft:azalea":1,"minecraft:oak_sapling":10,"minecraft:arrow":7,"minecraft:wooden_pickaxe":3,"scalinghealth:bandages":5},"minecraft:killed_by":{"iceandfire:cyclops":2,"minecraft:stray":1,"minecraft:creeper":9,"hordes:zombie_player":6,"man:managgresive":2,"minecraft:skeleton":10,"minecraft:zombie":5,"iceandfire:fire_dragon":2},"minecraft:used":{"minecraft:shield":1,"minecraft:torch":15,"minecraft:dirt":4,"minecraft:dark_oak_planks":16,"epicfight:stone_greatsword":40,"tombstone:gift":4,"epicfight:skillbook":1,"epicfight:iron_spear":48,"minecraft:stone_pickaxe":114,"minecraft:wooden_pickaxe":18,"minecraft:polished_blackstone_pressure_plate":1,"minecraft:stripped_dark_oak_log":1,"minecraft:crafting_table":7,"minecraft:blast_furnace":1,"scalinghealth:cursed_heart":1,"epicfight:stone_spear":22,"minecraft:bread":12,"minecraft:iron_pickaxe":183,"tombstone:magic_scroll":1,"tombstone:grave_key":1,"minecraft:stone_axe":23,"minecraft:cobblestone":88,"minecraft:andesite":18,"minecraft:yellow_bed":3},"minecraft:picked_up":{"minecraft:crafting_table":2,"minecraft:iron_chestplate":2,"minecraft:wheat":4,"minecraft:redstone_lamp":3,"minecraft:wooden_pickaxe":1,"minecraft:enchanted_book":1,"minecraft:wither_rose":3,"tombstone:grave_key":1,"minecraft:shield":1,"travelersbackpack:emerald":1,"minecraft:cornflower":1,"minecraft:raw_copper":126,"minecraft:bucket":1,"minecraft:beef":5,"minecraft:azalea":1,"minecraft:iron_pickaxe":2,"minecraft:chest":1,"minecraft:birch_sapling":3,"minecraft:spruce_trapdoor":1,"minecraft:egg":1,"minecraft:stick":22,"minecraft:raw_iron":29,"minecraft:torch":42,"epicfight:skillbook":2,"tombstone:grave_dust":5,"minecraft:carrot":5,"minecraft:iron_horse_armor":2,"minecraft:arrow":10,"minecraft:rotten_flesh":11,"minecraft:hay_block":23,"minecraft:mangrove_roots":1,"minecraft:music_disc_wait":2,"minecraft:mutton":12,"minecraft:iron_bars":5,"minecraft:cobblestone":155,"minecraft:white_wool":4,"minecraft:andesite":66,"minecraft:leather":2,"minecraft:smoker":2,"minecraft:acacia_wood":1,"minecraft:potato":44,"minecraft:filled_map":1,"minecraft:oak_log":27,"scalinghealth:bandages":12,"minecraft:yellow_bed":6,"minecraft:gunpowder":4,"minecraft:lapis_lazuli":68,"minecraft:dirt":39,"tombstone:gift":1,"minecraft:bone":10,"minecraft:wheat_seeds":11,"minecraft:iron_ingot":8,"minecraft:oak_planks":9,"minecraft:iron_sword":3,"scalinghealth:heart_crystal_shard":13,"epicfight:stone_greatsword":4,"epicfight:iron_spear":1,"minecraft:sand":1,"minecraft:jungle_planks":2,"minecraft:bundle":1,"minecraft:oak_wood":2,"minecraft:diamond":4,"minecraft:stone_axe":1,"minecraft:polished_blackstone_pressure_plate":1,"waystones:waystone":1,"minecraft:iron_helmet":2,"minecraft:bread":62,"minecraft:emerald":9,"scalinghealth:cursed_heart":5,"tombstone:magic_scroll":4,"minecraft:oak_sapling":20,"minecraft:dark_oak_wood":4,"minecraft:stripped_dark_oak_log":3,"minecraft:coal":211,"iceandfire:raw_silver":13,"minecraft:sunflower":8},"minecraft:crafted":{"minecraft:oak_planks":52,"epicfight:iron_spear":1,"minecraft:stone_pickaxe":2,"minecraft:dark_oak_planks":16,"minecraft:wheat":117,"epicfight:stone_spear":1,"minecraft:crafting_table":5,"minecraft:wooden_pickaxe":2,"minecraft:stone_axe":2,"minecraft:bread":39,"minecraft:air":0,"minecraft:shield":1,"minecraft:stick":48,"minecraft:iron_ingot":3,"minecraft:iron_pickaxe":1,"minecraft:stone_sword":1,"minecraft:torch":28}},"DataVersion":3465}