{"stats":{"minecraft:mined":{"minecraft:grass":2,"minecraft:oak_log":12,"minecraft:grass_block":1,"minecraft:dirt_path":2,"minecraft:oak_leaves":1,"minecraft:yellow_bed":1},"minecraft:custom":{"minecraft:open_chest":1,"minecraft:time_since_rest":2170,"minecraft:crouch_one_cm":1331,"minecraft:sprint_one_cm":84206,"minecraft:play_time":25874,"minecraft:walk_one_cm":74590,"minecraft:damage_taken":1024,"minecraft:deaths":5,"minecraft:sneak_time":195,"minecraft:walk_under_water_one_cm":2610,"minecraft:drop":7,"minecraft:jump":205,"minecraft:leave_game":1,"minecraft:walk_on_water_one_cm":3223,"minecraft:time_since_death":2274,"minecraft:sleep_in_bed":1,"minecraft:total_world_time":25874,"minecraft:swim_one_cm":14311,"minecraft:interact_with_crafting_table":1,"minecraft:fall_one_cm":3687,"minecraft:fly_one_cm":85065},"minecraft:dropped":{"tombstone:grave_dust":4,"minecraft:dirt":49,"minecraft:wheat_seeds":1,"minecraft:wooden_pickaxe":1,"tombstone:grave_key":2},"minecraft:killed_by":{"minecraft:skeleton":1,"minecraft:creeper":4},"minecraft:used":{"minecraft:dirt":4,"minecraft:bread":1,"tombstone:gift":3},"minecraft:picked_up":{"minecraft:wooden_pickaxe":1,"minecraft:oak_log":12,"tombstone:grave_key":1,"tombstone:grave_dust":2,"minecraft:bread":21,"minecraft:yellow_bed":1,"minecraft:dirt":32},"minecraft:crafted":{"minecraft:oak_planks":16,"minecraft:crafting_table":1,"minecraft:iron_pickaxe":1}},"DataVersion":3465}