{"stats":{"minecraft:picked_up":{"minecraft:coarse_dirt":27,"minecraft:crafting_table":1,"minecraft:wheat":1,"minecraft:redstone_block":1,"minecraft:ladder":3,"minecraft:clay_ball":4,"minecraft:wooden_pickaxe":1,"minecraft:shield":2,"minecraft:oak_trapdoor":8,"minecraft:string":16,"minecraft:raw_copper":2,"minecraft:cooked_salmon":1,"minecraft:white_carpet":1,"minecraft:cyan_carpet":1,"minecraft:spruce_planks":63,"minecraft:calcite":5,"minecraft:iron_nugget":9,"minecraft:spruce_slab":2,"minecraft:spruce_trapdoor":5,"crittersandcompanions:clam":4,"minecraft:stick":10,"minecraft:raw_iron":3,"iceandfire:dragonbone":9,"minecraft:torch":42,"minecraft:spruce_stairs":6,"epicfight:skillbook":9,"tombstone:grave_dust":12,"minecraft:dark_oak_planks":12,"iceandfire:dragon_skull_ice":3,"minecraft:arrow":23,"minecraft:rotten_flesh":19,"minecraft:hay_block":91,"minecraft:music_disc_wait":1,"minecraft:snowball":119,"minecraft:cobblestone":100,"minecraft:air":0,"minecraft:smoker":2,"minecraft:filled_map":4,"minecraft:ice":2,"minecraft:flint":1,"scalinghealth:bandages":14,"minecraft:gunpowder":10,"minecraft:lantern":2,"minecraft:dirt":200,"scalinghealth:medkit":3,"biomemakeover:crude_fragment":3,"minecraft:bone":24,"minecraft:gray_carpet":2,"minecraft:bow":2,"bakery:oat_seeds":1,"minecraft:wheat_seeds":3,"biomemakeover:cladded_leggings":1,"minecraft:iron_ingot":1,"minecraft:stone_pickaxe":1,"minecraft:dark_oak_stairs":2,"minecraft:book":1,"scalinghealth:heart_crystal_shard":18,"minecraft:dark_oak_slab":1,"minecraft:sweet_berries":121,"minecraft:spyglass":3,"minecraft:gravel":28,"minecraft:red_banner":1,"minecraft:spruce_sapling":9,"minecraft:ink_sac":12,"minecraft:white_bed":7,"minecraft:spruce_log":48,"minecraft:dark_oak_log":5,"minecraft:spider_eye":1,"minecraft:bundle":1,"iceandfire:silver_pickaxe":1,"minecraft:stone_axe":3,"minecraft:spruce_boat":5,"waystones:waystone":1,"iceandfire:dragon_ice":1,"minecraft:crossbow":1,"minecraft:spruce_sign":2,"minecraft:spruce_button":1,"minecraft:emerald":1,"minecraft:bread":27,"minecraft:rooted_dirt":4,"alexsmobs:maggot":1,"iceandfire:silver_nugget":24,"minecraft:stripped_dark_oak_log":4,"minecraft:coal":129,"iceandfire:raw_silver":13},"minecraft:used":{"minecraft:stone_sword":23,"minecraft:spruce_slab":1,"minecraft:ladder":1,"minecraft:spruce_planks":107,"minecraft:shield":25,"minecraft:cooked_salmon":2,"minecraft:rotten_flesh":2,"minecraft:torch":41,"minecraft:dirt":22,"minecraft:spyglass":4,"minecraft:spruce_stairs":3,"iceandfire:armor_silver_metal_helmet":1,"minecraft:dark_oak_planks":4,"minecraft:spruce_boat":6,"alexsmobs:maggot":1,"minecraft:coal_ore":2,"minecraft:hay_block":10,"minecraft:sweet_berries":33,"minecraft:goat_horn":1,"tombstone:gift":1,"epicfight:skillbook":6,"epicfight:iron_spear":180,"minecraft:snow_block":16,"minecraft:stone_pickaxe":156,"minecraft:wooden_pickaxe":13,"securitycraft:coal_mine":1,"iceandfire:armor_silver_metal_boots":1,"minecraft:stripped_dark_oak_log":2,"minecraft:crafting_table":5,"minecraft:crossbow":6,"minecraft:white_bed":5,"minecraft:smoker":1,"epicfight:stone_spear":49,"iceandfire:silver_pickaxe":37,"waystones:waystone":1,"minecraft:dark_oak_log":1,"minecraft:bread":22,"minecraft:map":1,"minecraft:spruce_trapdoor":2,"minecraft:spruce_sapling":4,"minecraft:gravel":6,"minecraft:stone_axe":69,"iceandfire:silver_hoe":85,"minecraft:wooden_sword":3,"minecraft:cobblestone":4,"alexsmobs:animal_dictionary":1,"minecraft:coarse_dirt":10,"minecraft:experience_bottle":2},"minecraft:custom":{"minecraft:mob_kills":65,"minecraft:interact_with_crafting_table":37,"minecraft:open_barrel":13,"minecraft:leave_game":3,"minecraft:time_since_death":3140,"minecraft:climb_one_cm":7688,"minecraft:sprint_one_cm":506613,"minecraft:walk_one_cm":1025657,"minecraft:damage_blocked_by_shield":1184,"minecraft:drop":69,"minecraft:damage_dealt_absorbed":551,"minecraft:talked_to_villager":1,"minecraft:play_time":180755,"minecraft:deaths":32,"minecraft:sneak_time":9888,"minecraft:walk_under_water_one_cm":50424,"minecraft:boat_one_cm":111554,"minecraft:jump":1961,"minecraft:interact_with_blast_furnace":2,"minecraft:walk_on_water_one_cm":43768,"minecraft:total_world_time":180755,"minecraft:interact_with_furnace":10,"tombstone:raider_killed":5,"minecraft:sleep_in_bed":1,"minecraft:time_since_rest":3005,"minecraft:waystone_activated":1,"minecraft:damage_taken":6556,"minecraft:damage_dealt":13778,"minecraft:swim_one_cm":91311,"minecraft:fly_one_cm":788967,"minecraft:open_chest":33,"minecraft:crouch_one_cm":61101,"tombstone:undead_killed":46,"minecraft:interact_with_smoker":1,"minecraft:fall_one_cm":32064},"minecraft:crafted":{"minecraft:wooden_sword":1,"epicfight:iron_spear":2,"minecraft:stone_pickaxe":3,"minecraft:spruce_boat":2,"minecraft:dark_oak_planks":24,"minecraft:wheat":261,"epicfight:stone_spear":2,"iceandfire:silver_ingot":4,"minecraft:crafting_table":6,"minecraft:spruce_planks":184,"minecraft:wooden_pickaxe":3,"minecraft:iron_sword":2,"minecraft:cooked_salmon":1,"minecraft:hay_block":12,"minecraft:stone_axe":2,"minecraft:bread":53,"minecraft:air":0,"minecraft:spruce_trapdoor":2,"minecraft:white_wool":3,"minecraft:stick":72,"minecraft:iron_ingot":1,"minecraft:stone_sword":3,"minecraft:snow_block":16,"minecraft:white_bed":2,"minecraft:torch":144,"iceandfire:silver_pickaxe":1,"iceandfire:silver_hoe":1},"minecraft:dropped":{"minecraft:bread":60,"minecraft:wheat_seeds":2,"crittersandcompanions:clam":3,"minecraft:crafting_table":1,"minecraft:dark_oak_slab":1,"scalinghealth:heart_crystal_shard":3,"minecraft:lantern":2,"minecraft:rooted_dirt":4,"biomemakeover:crude_fragment":3,"minecraft:spruce_button":1,"epicfight:stone_spear":1,"minecraft:coal":24,"minecraft:stick":2,"minecraft:flint":1,"minecraft:dirt":127,"minecraft:ink_sac":6,"minecraft:torch":50,"minecraft:snowball":73,"tombstone:grave_dust":4,"minecraft:wooden_sword":1,"minecraft:music_disc_wait":1,"minecraft:paper":9,"minecraft:dark_oak_planks":4,"minecraft:string":3,"minecraft:gray_carpet":2,"minecraft:spruce_sapling":5,"minecraft:gravel":13,"minecraft:stone_axe":1,"minecraft:oak_trapdoor":8,"minecraft:wheat":1,"minecraft:white_carpet":1,"minecraft:rotten_flesh":1,"iceandfire:dragon_ice":1,"minecraft:filled_map":3,"minecraft:gunpowder":3,"minecraft:spruce_planks":18,"minecraft:spruce_trapdoor":2,"iceandfire:silver_ingot":1,"minecraft:ladder":2,"minecraft:spider_eye":1,"minecraft:spruce_log":2,"minecraft:wooden_pickaxe":3,"minecraft:stone_pickaxe":2,"epicfight:skillbook":1},"minecraft:mined":{"minecraft:dark_oak_planks":4,"minecraft:spruce_planks":15,"minecraft:white_bed":2,"minecraft:light_gray_stained_glass_pane":2,"iceandfire:silver_ore":8,"minecraft:dark_oak_log":3,"minecraft:spruce_trapdoor":1,"minecraft:ladder":1,"minecraft:grass_block":3,"minecraft:spruce_leaves":22,"minecraft:rooted_dirt":3,"minecraft:large_fern":1,"minecraft:hay_block":93,"minecraft:spruce_sapling":2,"minecraft:iron_ore":1,"minecraft:packed_ice":36,"minecraft:stone":62,"minecraft:spruce_slab":2,"minecraft:podzol":1,"minecraft:redstone_block":1,"minecraft:smoker":2,"minecraft:stripped_dark_oak_log":4,"minecraft:powder_snow":1,"iceandfire:dragon_ice_spikes":5,"minecraft:crafting_table":1,"minecraft:torch":3,"minecraft:spruce_button":1,"minecraft:calcite":5,"minecraft:diorite":1,"minecraft:wall_torch":8,"minecraft:spruce_stairs":7,"minecraft:coarse_dirt":1,"minecraft:blue_ice":1,"minecraft:sweet_berry_bush":19,"minecraft:ice":6,"minecraft:red_wall_banner":1,"minecraft:spruce_log":44,"minecraft:birch_leaves":2,"minecraft:grass":6,"minecraft:coal_ore":59,"minecraft:cyan_carpet":1,"minecraft:gravel":1,"minecraft:dirt":6,"minecraft:cobweb":11,"minecraft:fern":3},"minecraft:killed_by":{"minecraft:skeleton":8,"minecraft:zombie":3},"minecraft:killed":{"hordes:zombie_player":4,"minecraft:spider":4,"minecraft:skeleton":9,"minecraft:drowned":4,"minecraft:zombie_villager":4,"minecraft:salmon":1,"alexsmobs:seal":2,"minecraft:frog":2,"minecraft:creeper":3,"hordes:drowned_player":1,"minecraft:pillager":5,"minecraft:zombie":15,"minecraft:stray":9,"alexsmobs:fly":1}},"DataVersion":3465}