{"stats":{"minecraft:dropped":{"minecraft:wooden_pickaxe":1},"minecraft:custom":{"minecraft:jump":43,"minecraft:time_since_rest":13874,"minecraft:crouch_one_cm":253,"minecraft:leave_game":1,"minecraft:play_time":13874,"minecraft:sprint_one_cm":9875,"minecraft:time_since_death":13874,"minecraft:walk_on_water_one_cm":182,"minecraft:walk_one_cm":16954,"minecraft:sneak_time":29,"minecraft:total_world_time":13874,"minecraft:drop":1,"minecraft:interact_with_crafting_table":1,"minecraft:fall_one_cm":894,"minecraft:fly_one_cm":12515},"minecraft:picked_up":{"minecraft:bread":21,"minecraft:wooden_pickaxe":1},"minecraft:crafted":{"minecraft:iron_pickaxe":1}},"DataVersion":3465}