{"stats":{"minecraft:picked_up":{"minecraft:birch_door":1,"minecraft:coarse_dirt":27,"minecraft:crafting_table":1,"minecraft:wheat":1,"minecraft:redstone_block":1,"minecraft:ladder":3,"minecraft:clay_ball":4,"minecraft:wooden_pickaxe":1,"minecraft:shield":2,"minecraft:oak_trapdoor":8,"minecraft:string":16,"minecraft:raw_copper":2,"minecraft:cooked_salmon":1,"minecraft:white_carpet":1,"minecraft:cyan_carpet":2,"minecraft:spruce_planks":64,"minecraft:calcite":15,"minecraft:iron_nugget":9,"minecraft:spruce_slab":2,"minecraft:lectern":1,"minecraft:spruce_trapdoor":5,"crittersandcompanions:clam":4,"minecraft:tipped_arrow":5,"minecraft:stick":10,"minecraft:raw_iron":3,"iceandfire:dragonbone":9,"minecraft:torch":43,"minecraft:spruce_stairs":8,"epicfight:skillbook":10,"tombstone:grave_dust":15,"minecraft:diorite":2,"minecraft:dark_oak_planks":17,"iceandfire:dragon_skull_ice":3,"minecraft:arrow":61,"minecraft:rotten_flesh":19,"minecraft:hay_block":91,"minecraft:stripped_dark_oak_wood":1,"minecraft:music_disc_wait":1,"minecraft:snowball":119,"minecraft:cobblestone":100,"minecraft:air":0,"minecraft:smoker":2,"paraglider:spirit_orb":2,"minecraft:filled_map":4,"minecraft:ice":2,"minecraft:flint":1,"scalinghealth:bandages":31,"minecraft:gunpowder":10,"minecraft:lantern":2,"minecraft:dirt":200,"scalinghealth:medkit":4,"biomemakeover:crude_fragment":3,"minecraft:bone":52,"minecraft:gray_carpet":2,"minecraft:bow":3,"bakery:oat_seeds":1,"minecraft:wheat_seeds":3,"biomemakeover:cladded_leggings":1,"minecraft:iron_ingot":1,"minecraft:stone_pickaxe":1,"minecraft:cyan_candle":3,"minecraft:dark_oak_stairs":2,"minecraft:book":10,"scalinghealth:heart_crystal_shard":24,"minecraft:dark_oak_slab":1,"minecraft:sweet_berries":121,"minecraft:spyglass":3,"minecraft:gravel":28,"minecraft:red_banner":1,"minecraft:spruce_sapling":9,"minecraft:ink_sac":12,"minecraft:white_bed":7,"minecraft:spruce_log":48,"minecraft:dark_oak_log":5,"minecraft:spider_eye":1,"minecraft:bundle":1,"iceandfire:silver_pickaxe":1,"minecraft:stone_axe":3,"minecraft:spruce_boat":5,"waystones:waystone":1,"iceandfire:dragon_ice":1,"minecraft:crossbow":1,"minecraft:spruce_sign":2,"minecraft:spruce_button":1,"minecraft:emerald":1,"minecraft:bread":27,"tombstone:magic_scroll":2,"minecraft:rooted_dirt":4,"alexsmobs:maggot":1,"iceandfire:silver_nugget":24,"minecraft:stripped_dark_oak_log":4,"minecraft:coal":129,"iceandfire:raw_silver":13},"minecraft:used":{"minecraft:stone_sword":23,"minecraft:spruce_slab":1,"minecraft:ladder":1,"minecraft:spruce_planks":109,"minecraft:shield":25,"minecraft:cooked_salmon":2,"minecraft:rotten_flesh":2,"minecraft:torch":41,"minecraft:dirt":22,"minecraft:spyglass":4,"scalinghealth:heart_crystal":1,"minecraft:chainmail_chestplate":1,"minecraft:spruce_stairs":6,"iceandfire:armor_silver_metal_helmet":1,"minecraft:dark_oak_planks":9,"minecraft:spruce_boat":6,"alexsmobs:maggot":1,"minecraft:stripped_dark_oak_wood":1,"minecraft:coal_ore":2,"minecraft:bow":19,"minecraft:hay_block":10,"minecraft:sweet_berries":33,"minecraft:goat_horn":1,"tombstone:gift":1,"minecraft:calcite":8,"epicfight:skillbook":9,"minecraft:diorite":1,"epicfight:iron_spear":273,"minecraft:snow_block":16,"minecraft:cyan_candle":3,"minecraft:stone_pickaxe":156,"minecraft:wooden_pickaxe":13,"minecraft:spruce_sign":2,"securitycraft:coal_mine":1,"iceandfire:armor_silver_metal_boots":1,"minecraft:stripped_dark_oak_log":2,"minecraft:crafting_table":5,"minecraft:crossbow":6,"minecraft:white_bed":5,"minecraft:smoker":2,"epicfight:stone_spear":49,"iceandfire:silver_pickaxe":53,"waystones:waystone":1,"minecraft:cyan_carpet":1,"minecraft:dark_oak_log":1,"minecraft:bread":33,"minecraft:map":1,"minecraft:lectern":1,"minecraft:spruce_trapdoor":2,"minecraft:spruce_sapling":4,"minecraft:gravel":6,"scalinghealth:medkit":1,"minecraft:stone_axe":83,"iceandfire:silver_hoe":85,"minecraft:wooden_sword":3,"minecraft:cobblestone":4,"alexsmobs:animal_dictionary":1,"minecraft:coarse_dirt":10,"minecraft:experience_bottle":2},"minecraft:custom":{"minecraft:mob_kills":99,"minecraft:interact_with_crafting_table":43,"minecraft:open_barrel":13,"minecraft:eat_cake_slice":3,"minecraft:leave_game":4,"minecraft:time_since_death":15246,"minecraft:climb_one_cm":7700,"minecraft:sprint_one_cm":509507,"minecraft:walk_one_cm":1099245,"minecraft:damage_blocked_by_shield":1184,"minecraft:drop":73,"minecraft:damage_dealt_absorbed":1003,"minecraft:talked_to_villager":1,"minecraft:play_time":192861,"minecraft:deaths":32,"minecraft:sneak_time":9972,"minecraft:walk_under_water_one_cm":50424,"minecraft:boat_one_cm":111554,"minecraft:jump":1984,"minecraft:interact_with_blast_furnace":2,"minecraft:walk_on_water_one_cm":43768,"minecraft:total_world_time":192861,"minecraft:interact_with_furnace":10,"tombstone:raider_killed":5,"minecraft:sleep_in_bed":1,"minecraft:time_since_rest":15111,"minecraft:waystone_activated":1,"minecraft:damage_taken":6735,"minecraft:damage_dealt":18384,"minecraft:swim_one_cm":91311,"minecraft:fly_one_cm":789222,"minecraft:open_chest":34,"minecraft:crouch_one_cm":61779,"tombstone:undead_killed":74,"minecraft:interact_with_smoker":1,"minecraft:fall_one_cm":32064},"minecraft:crafted":{"minecraft:wooden_sword":1,"epicfight:iron_spear":2,"minecraft:stone_pickaxe":3,"minecraft:spruce_boat":2,"minecraft:dark_oak_planks":24,"minecraft:wheat":261,"epicfight:stone_spear":2,"iceandfire:silver_ingot":4,"minecraft:crafting_table":6,"minecraft:spruce_planks":184,"minecraft:wooden_pickaxe":3,"minecraft:iron_sword":2,"minecraft:cooked_salmon":1,"scalinghealth:heart_crystal":2,"minecraft:hay_block":12,"minecraft:stone_axe":2,"minecraft:bread":53,"minecraft:air":0,"minecraft:spruce_trapdoor":2,"minecraft:white_wool":3,"minecraft:stick":72,"minecraft:iron_ingot":1,"minecraft:stone_sword":3,"minecraft:snow_block":16,"minecraft:white_bed":2,"minecraft:torch":144,"iceandfire:silver_pickaxe":1,"iceandfire:silver_hoe":1},"minecraft:dropped":{"minecraft:bread":60,"minecraft:wheat_seeds":2,"crittersandcompanions:clam":3,"minecraft:crafting_table":1,"minecraft:dark_oak_slab":1,"scalinghealth:heart_crystal_shard":3,"minecraft:lantern":2,"minecraft:rooted_dirt":4,"biomemakeover:crude_fragment":3,"minecraft:spruce_button":1,"epicfight:stone_spear":1,"minecraft:coal":24,"minecraft:stick":2,"minecraft:flint":1,"minecraft:dirt":127,"minecraft:ink_sac":6,"scalinghealth:heart_crystal":1,"minecraft:torch":50,"minecraft:snowball":73,"tombstone:grave_dust":4,"minecraft:wooden_sword":1,"minecraft:music_disc_wait":1,"minecraft:paper":9,"minecraft:dark_oak_planks":4,"minecraft:string":3,"minecraft:gray_carpet":2,"minecraft:spruce_sapling":5,"minecraft:gravel":13,"minecraft:stone_axe":1,"minecraft:oak_trapdoor":8,"minecraft:wheat":1,"tombstone:gift":1,"minecraft:white_carpet":1,"minecraft:rotten_flesh":1,"iceandfire:dragon_ice":1,"minecraft:filled_map":3,"minecraft:gunpowder":3,"minecraft:spruce_planks":19,"minecraft:spruce_trapdoor":2,"iceandfire:silver_ingot":1,"minecraft:ladder":2,"minecraft:spider_eye":1,"minecraft:spruce_log":2,"minecraft:wooden_pickaxe":3,"minecraft:stone_pickaxe":2,"epicfight:skillbook":2},"minecraft:broken":{"minecraft:bow":1},"minecraft:mined":{"minecraft:dark_oak_planks":9,"minecraft:spruce_planks":15,"minecraft:white_bed":2,"minecraft:light_gray_stained_glass_pane":2,"iceandfire:silver_ore":8,"minecraft:dark_oak_log":3,"minecraft:spruce_trapdoor":1,"minecraft:ladder":1,"minecraft:grass_block":3,"minecraft:spruce_leaves":22,"minecraft:rooted_dirt":3,"minecraft:spawner":1,"minecraft:large_fern":1,"minecraft:hay_block":93,"minecraft:spruce_sapling":2,"minecraft:iron_ore":1,"minecraft:stripped_dark_oak_wood":1,"minecraft:bookshelf":3,"minecraft:packed_ice":36,"minecraft:stone":62,"minecraft:spruce_slab":2,"minecraft:podzol":1,"minecraft:redstone_block":1,"minecraft:smoker":2,"minecraft:stripped_dark_oak_log":4,"minecraft:powder_snow":1,"iceandfire:dragon_ice_spikes":5,"minecraft:crafting_table":1,"minecraft:torch":4,"minecraft:spruce_button":1,"minecraft:calcite":16,"minecraft:lectern":1,"minecraft:diorite":2,"minecraft:wall_torch":8,"minecraft:spruce_stairs":9,"minecraft:coarse_dirt":1,"minecraft:birch_door":1,"minecraft:yellow_glazed_terracotta":1,"minecraft:blue_ice":1,"minecraft:sweet_berry_bush":19,"minecraft:ice":6,"minecraft:red_wall_banner":1,"minecraft:spruce_log":44,"minecraft:birch_leaves":2,"minecraft:grass":6,"minecraft:coal_ore":59,"minecraft:cyan_carpet":2,"minecraft:gravel":1,"minecraft:dirt":6,"minecraft:cobweb":11,"minecraft:cyan_candle":1,"minecraft:fern":3},"minecraft:killed_by":{"minecraft:skeleton":8,"minecraft:zombie":3},"minecraft:killed":{"hordes:zombie_player":4,"minecraft:spider":4,"minecraft:skeleton":37,"minecraft:drowned":4,"minecraft:zombie_villager":4,"minecraft:salmon":1,"alexsmobs:seal":2,"minecraft:frog":8,"minecraft:creeper":3,"hordes:drowned_player":1,"minecraft:pillager":5,"minecraft:zombie":15,"minecraft:stray":9,"alexsmobs:fly":1}},"DataVersion":3465}