{"stats":{"minecraft:crafted":{"minecraft:oak_planks":68,"epicfight:iron_spear":1,"minecraft:furnace":1,"minecraft:cooked_mutton":6,"minecraft:iron_boots":1,"minecraft:stone_pickaxe":2,"minecraft:dark_oak_planks":16,"minecraft:wheat":207,"epicfight:stone_spear":1,"iceandfire:silver_ingot":15,"minecraft:crafting_table":7,"minecraft:wooden_pickaxe":2,"minecraft:copper_ingot":6,"scalinghealth:heart_crystal":2,"minecraft:stone_axe":2,"minecraft:bread":69,"minecraft:air":0,"iceandfire:armor_silver_metal_helmet":1,"minecraft:shield":1,"minecraft:stick":48,"minecraft:iron_ingot":50,"minecraft:iron_pickaxe":3,"minecraft:stone_sword":1,"minecraft:iron_leggings":2,"minecraft:torch":28,"iceandfire:silver_pickaxe":1,"iceandfire:silver_sword":1,"minecraft:lapis_block":5},"minecraft:mined":{"iceandfire:silver_ore":21,"minecraft:deepslate_diamond_ore":2,"minecraft:grass_block":3,"minecraft:infested_cobblestone":1,"minecraft:jungle_planks":2,"minecraft:hay_block":10,"minecraft:furnace":2,"minecraft:iron_ore":53,"minecraft:acacia_wood":1,"minecraft:andesite":16,"minecraft:deepslate_lapis_ore":2,"minecraft:potatoes":5,"minecraft:dirt_path":2,"minecraft:stone":349,"scalinghealth:heart_crystal_ore":1,"minecraft:acacia_leaves":1,"minecraft:smoker":2,"minecraft:stripped_dark_oak_log":1,"minecraft:crafting_table":5,"minecraft:torch":4,"minecraft:emerald_ore":7,"minecraft:oak_wood":2,"minecraft:chest":1,"minecraft:copper_ore":32,"minecraft:cobblestone":13,"minecraft:deepslate_coal_ore":2,"minecraft:lapis_ore":7,"minecraft:wall_torch":3,"minecraft:wheat":4,"minecraft:yellow_bed":4,"minecraft:grass":2,"minecraft:oak_log":23,"minecraft:coal_ore":143,"minecraft:sand":1,"minecraft:dirt":5,"minecraft:gold_ore":6,"minecraft:oak_leaves":4,"minecraft:deepslate_emerald_ore":1,"minecraft:infested_stone":23,"minecraft:redstone_lamp":3},"minecraft:custom":{"minecraft:mob_kills":88,"minecraft:inspect_hopper":3,"minecraft:interact_with_crafting_table":36,"minecraft:open_barrel":3,"minecraft:damage_dealt_resisted":90,"minecraft:leave_game":2,"minecraft:time_since_death":6345,"minecraft:climb_one_cm":3751,"minecraft:damage_resisted":22,"minecraft:sprint_one_cm":434444,"minecraft:walk_one_cm":773863,"minecraft:damage_blocked_by_shield":162,"minecraft:drop":87,"minecraft:play_time":160826,"minecraft:sneak_time":8776,"minecraft:deaths":54,"minecraft:walk_under_water_one_cm":28085,"minecraft:jump":2542,"minecraft:interact_with_blast_furnace":2,"minecraft:walk_on_water_one_cm":28950,"minecraft:total_world_time":160826,"minecraft:interact_with_furnace":25,"minecraft:sleep_in_bed":5,"minecraft:time_since_rest":6123,"minecraft:damage_taken":8525,"minecraft:damage_dealt":14991,"minecraft:swim_one_cm":56910,"minecraft:fly_one_cm":642660,"minecraft:open_chest":18,"minecraft:crouch_one_cm":47448,"tombstone:undead_killed":30,"minecraft:fall_one_cm":58832,"minecraft:interact_with_smoker":4},"minecraft:killed_by":{"iceandfire:cyclops":2,"minecraft:stray":1,"minecraft:creeper":9,"hordes:zombie_player":6,"man:managgresive":2,"minecraft:silverfish":12,"minecraft:skeleton":11,"minecraft:zombie":5,"cave_dweller:cave_dweller":1,"iceandfire:fire_dragon":2},"minecraft:broken":{"minecraft:iron_pickaxe":2},"minecraft:killed":{"hordes:zombie_player":6,"minecraft:spider":1,"minecraft:skeleton":6,"minecraft:silverfish":49,"minecraft:drowned":1,"minecraft:creeper":2,"minecraft:sheep":4,"minecraft:zombie":16,"minecraft:stray":1,"minecraft:cow":2},"minecraft:used":{"minecraft:shield":1,"minecraft:torch":51,"minecraft:dirt":4,"minecraft:dark_oak_planks":16,"epicfight:stone_greatsword":40,"minecraft:furnace":2,"tombstone:gift":4,"minecraft:cooked_mutton":1,"epicfight:skillbook":2,"epicfight:iron_spear":176,"minecraft:bundle":1,"minecraft:stone_pickaxe":114,"minecraft:wooden_pickaxe":18,"minecraft:polished_blackstone_pressure_plate":1,"minecraft:stripped_dark_oak_log":1,"minecraft:crafting_table":11,"minecraft:blast_furnace":1,"scalinghealth:cursed_heart":1,"epicfight:stone_spear":22,"minecraft:smoker":1,"minecraft:iron_pickaxe":563,"minecraft:bread":23,"tombstone:magic_scroll":1,"tombstone:grave_key":2,"minecraft:stone_axe":26,"minecraft:cobblestone":147,"minecraft:andesite":19,"minecraft:yellow_bed":3},"minecraft:dropped":{"minecraft:enchanted_book":2,"iceandfire:raw_silver":7,"minecraft:wheat_seeds":12,"minecraft:lapis_lazuli":9,"crittersandcompanions:clam":1,"minecraft:glow_ink_sac":3,"minecraft:diamond":2,"scalinghealth:cursed_heart":4,"minecraft:cobblestone":35,"scalinghealth:heart_crystal_shard":4,"minecraft:leather":1,"minecraft:iron_horse_armor":1,"epicfight:stone_spear":1,"minecraft:stick":22,"minecraft:dirt":50,"minecraft:torch":1,"iceandfire:silver_sword":1,"minecraft:cornflower":1,"tombstone:grave_key":3,"tombstone:grave_dust":4,"minecraft:iron_leggings":1,"epicfight:stone_greatsword":3,"minecraft:wither_rose":2,"minecraft:sunflower":8,"minecraft:sand":1,"minecraft:music_disc_wait":3,"minecraft:lapis_block":5,"minecraft:bone":9,"minecraft:mangrove_roots":1,"minecraft:raw_copper":99,"minecraft:wheat":4,"minecraft:birch_sapling":3,"minecraft:stripped_dark_oak_log":1,"minecraft:rotten_flesh":7,"minecraft:oak_planks":4,"iceandfire:dragon_skull_ice":1,"minecraft:carrot":1,"minecraft:gunpowder":2,"minecraft:spruce_trapdoor":1,"minecraft:andesite":87,"minecraft:azalea":1,"minecraft:oak_sapling":10,"minecraft:beef":4,"minecraft:arrow":7,"minecraft:wooden_pickaxe":3,"iceandfire:silver_pickaxe":1,"scalinghealth:bandages":36},"minecraft:picked_up":{"minecraft:crafting_table":5,"minecraft:iron_chestplate":2,"minecraft:wheat":4,"minecraft:redstone_lamp":3,"minecraft:wooden_pickaxe":1,"minecraft:wither_rose":3,"minecraft:enchanted_book":1,"tombstone:grave_key":1,"minecraft:shield":1,"minecraft:cornflower":1,"minecraft:raw_copper":132,"minecraft:bucket":1,"minecraft:beef":9,"minecraft:azalea":1,"minecraft:iron_pickaxe":2,"minecraft:chest":1,"minecraft:birch_sapling":3,"crittersandcompanions:clam":1,"minecraft:spruce_trapdoor":1,"minecraft:furnace":2,"minecraft:egg":1,"minecraft:stick":44,"minecraft:raw_iron":67,"iceandfire:dragonbone":10,"minecraft:torch":50,"epicfight:skillbook":2,"tombstone:grave_dust":5,"minecraft:carrot":5,"minecraft:iron_horse_armor":2,"iceandfire:dragon_skull_ice":1,"minecraft:arrow":11,"minecraft:rotten_flesh":19,"minecraft:hay_block":23,"minecraft:mangrove_roots":1,"minecraft:music_disc_wait":2,"minecraft:mutton":12,"minecraft:iron_bars":5,"minecraft:white_wool":4,"minecraft:cobblestone":406,"minecraft:glow_ink_sac":3,"minecraft:andesite":66,"minecraft:leather":3,"minecraft:smoker":3,"minecraft:acacia_wood":1,"minecraft:potato":44,"minecraft:filled_map":1,"minecraft:oak_log":27,"scalinghealth:bandages":38,"minecraft:yellow_bed":6,"minecraft:gunpowder":4,"minecraft:lapis_lazuli":68,"scalinghealth:medkit":2,"minecraft:dirt":39,"tombstone:gift":1,"minecraft:bone":10,"minecraft:wheat_seeds":11,"minecraft:raw_gold":6,"minecraft:iron_ingot":8,"minecraft:iron_sword":3,"minecraft:oak_planks":9,"scalinghealth:heart_crystal_shard":35,"epicfight:stone_greatsword":4,"epicfight:iron_spear":1,"minecraft:sand":1,"minecraft:jungle_planks":2,"minecraft:bundle":1,"minecraft:oak_wood":2,"minecraft:diamond":6,"minecraft:stone_axe":1,"minecraft:polished_blackstone_pressure_plate":1,"waystones:waystone":1,"minecraft:iron_helmet":2,"minecraft:emerald":11,"minecraft:bread":62,"scalinghealth:cursed_heart":6,"tombstone:magic_scroll":4,"minecraft:oak_sapling":20,"minecraft:dark_oak_wood":4,"minecraft:stripped_dark_oak_log":3,"minecraft:coal":401,"iceandfire:raw_silver":31,"minecraft:sunflower":8}},"DataVersion":3465}