{"stats":{"minecraft:killed":{"hordes:zombie_player":6,"minecraft:skeleton":4,"minecraft:creeper":2,"minecraft:sheep":4,"minecraft:zombie":10,"minecraft:stray":1,"minecraft:cow":1},"minecraft:mined":{"iceandfire:silver_ore":3,"minecraft:deepslate_diamond_ore":2,"minecraft:grass_block":3,"minecraft:jungle_planks":2,"minecraft:iron_ore":13,"minecraft:acacia_wood":1,"minecraft:andesite":6,"minecraft:deepslate_lapis_ore":2,"minecraft:potatoes":5,"minecraft:dirt_path":2,"minecraft:stone":112,"minecraft:acacia_leaves":1,"minecraft:smoker":1,"minecraft:stripped_dark_oak_log":1,"minecraft:crafting_table":2,"minecraft:torch":1,"minecraft:emerald_ore":2,"minecraft:oak_wood":2,"minecraft:chest":1,"minecraft:cobblestone":3,"minecraft:copper_ore":18,"minecraft:deepslate_coal_ore":2,"minecraft:yellow_bed":3,"minecraft:grass":2,"minecraft:coal_ore":64,"minecraft:oak_log":23,"minecraft:dirt":5,"minecraft:sand":1,"minecraft:oak_leaves":4,"minecraft:deepslate_emerald_ore":1,"minecraft:redstone_lamp":3},"minecraft:custom":{"minecraft:mob_kills":28,"minecraft:inspect_hopper":3,"minecraft:interact_with_crafting_table":18,"minecraft:open_barrel":3,"minecraft:damage_dealt_resisted":90,"minecraft:leave_game":1,"minecraft:time_since_death":695,"minecraft:climb_one_cm":3751,"minecraft:sprint_one_cm":262079,"minecraft:walk_one_cm":368215,"minecraft:damage_blocked_by_shield":162,"minecraft:drop":37,"minecraft:play_time":91874,"minecraft:deaths":28,"minecraft:sneak_time":3426,"minecraft:walk_under_water_one_cm":13657,"minecraft:jump":993,"minecraft:interact_with_blast_furnace":2,"minecraft:walk_on_water_one_cm":15913,"minecraft:total_world_time":91874,"minecraft:sleep_in_bed":3,"minecraft:time_since_rest":498,"minecraft:damage_taken":4482,"minecraft:damage_dealt":6031,"minecraft:swim_one_cm":34888,"minecraft:fly_one_cm":344842,"minecraft:open_chest":18,"minecraft:crouch_one_cm":19448,"tombstone:undead_killed":21,"minecraft:interact_with_smoker":1,"minecraft:fall_one_cm":20598},"minecraft:dropped":{"minecraft:enchanted_book":1,"minecraft:wheat_seeds":1,"minecraft:lapis_lazuli":6,"minecraft:iron_horse_armor":1,"epicfight:stone_spear":1,"minecraft:dirt":50,"tombstone:grave_key":2,"tombstone:grave_dust":4,"epicfight:stone_greatsword":2,"minecraft:wither_rose":1,"minecraft:sand":1,"minecraft:music_disc_wait":2,"minecraft:bone":5,"minecraft:raw_copper":33,"minecraft:stripped_dark_oak_log":1,"minecraft:oak_planks":2,"minecraft:gunpowder":2,"minecraft:spruce_trapdoor":1,"minecraft:andesite":44,"minecraft:arrow":5,"minecraft:wooden_pickaxe":3},"minecraft:killed_by":{"minecraft:stray":1,"minecraft:creeper":7,"hordes:zombie_player":6,"man:managgresive":2,"minecraft:skeleton":8,"minecraft:zombie":4},"minecraft:used":{"minecraft:shield":1,"minecraft:torch":7,"minecraft:dirt":4,"epicfight:stone_greatsword":34,"tombstone:gift":4,"epicfight:skillbook":1,"epicfight:iron_spear":30,"minecraft:stone_pickaxe":114,"minecraft:wooden_pickaxe":18,"minecraft:polished_blackstone_pressure_plate":1,"minecraft:stripped_dark_oak_log":1,"minecraft:crafting_table":7,"minecraft:blast_furnace":1,"scalinghealth:cursed_heart":1,"epicfight:stone_spear":22,"minecraft:bread":9,"minecraft:iron_pickaxe":108,"tombstone:grave_key":1,"minecraft:stone_axe":21,"minecraft:cobblestone":20,"minecraft:andesite":17,"minecraft:yellow_bed":2},"minecraft:picked_up":{"minecraft:crafting_table":2,"minecraft:iron_chestplate":2,"minecraft:redstone_lamp":3,"minecraft:wooden_pickaxe":1,"minecraft:enchanted_book":1,"minecraft:wither_rose":3,"tombstone:grave_key":1,"minecraft:shield":1,"travelersbackpack:emerald":1,"minecraft:raw_copper":60,"minecraft:bucket":1,"minecraft:beef":2,"minecraft:iron_pickaxe":2,"minecraft:chest":1,"minecraft:spruce_trapdoor":1,"minecraft:egg":1,"minecraft:stick":22,"minecraft:raw_iron":27,"minecraft:torch":41,"epicfight:skillbook":1,"tombstone:grave_dust":5,"minecraft:carrot":4,"minecraft:iron_horse_armor":2,"minecraft:arrow":7,"minecraft:rotten_flesh":9,"minecraft:hay_block":13,"minecraft:music_disc_wait":2,"minecraft:mutton":12,"minecraft:iron_bars":5,"minecraft:cobblestone":129,"minecraft:white_wool":4,"minecraft:andesite":56,"minecraft:leather":2,"minecraft:smoker":2,"minecraft:acacia_wood":1,"minecraft:potato":44,"minecraft:filled_map":1,"minecraft:oak_log":27,"scalinghealth:bandages":12,"minecraft:yellow_bed":5,"minecraft:gunpowder":4,"minecraft:lapis_lazuli":20,"minecraft:dirt":39,"tombstone:gift":1,"minecraft:bone":7,"minecraft:iron_ingot":8,"minecraft:oak_planks":9,"minecraft:iron_sword":3,"scalinghealth:heart_crystal_shard":12,"epicfight:stone_greatsword":4,"epicfight:iron_spear":1,"minecraft:sand":1,"minecraft:jungle_planks":2,"minecraft:oak_wood":2,"minecraft:diamond":4,"minecraft:stone_axe":1,"minecraft:polished_blackstone_pressure_plate":1,"minecraft:iron_helmet":2,"minecraft:bread":62,"minecraft:emerald":6,"scalinghealth:cursed_heart":5,"tombstone:magic_scroll":4,"minecraft:oak_sapling":20,"minecraft:stripped_dark_oak_log":3,"minecraft:coal":190,"iceandfire:raw_silver":6},"minecraft:crafted":{"minecraft:oak_planks":52,"epicfight:iron_spear":1,"minecraft:stone_pickaxe":2,"minecraft:wheat":117,"epicfight:stone_spear":1,"minecraft:crafting_table":5,"minecraft:wooden_pickaxe":2,"minecraft:stone_axe":2,"minecraft:bread":39,"minecraft:air":0,"minecraft:shield":1,"minecraft:stick":48,"minecraft:iron_ingot":3,"minecraft:iron_pickaxe":1,"minecraft:stone_sword":1,"minecraft:torch":28}},"DataVersion":3465}