{"stats":{"minecraft:picked_up":{"minecraft:coal":2},"minecraft:used":{"minecraft:wooden_pickaxe":2,"minecraft:coal_ore":2,"securitycraft:coal_mine":1},"minecraft:custom":{"minecraft:jump":51,"minecraft:time_since_rest":13900,"minecraft:crouch_one_cm":683,"minecraft:leave_game":3,"minecraft:play_time":13900,"minecraft:sprint_one_cm":51948,"minecraft:time_since_death":13900,"minecraft:walk_one_cm":52646,"minecraft:sneak_time":52,"minecraft:total_world_time":13900,"minecraft:fall_one_cm":209,"minecraft:fly_one_cm":146808},"minecraft:mined":{"minecraft:coal_ore":2}},"DataVersion":3465}