{"stats":{"minecraft:used":{"minecraft:enchanting_table":1,"minecraft:stone_sword":26,"minecraft:shield":9,"minecraft:iron_sword":27,"minecraft:torch":19,"minecraft:dirt":16,"minecraft:spruce_stairs":1,"minecraft:iron_axe":13,"travelersbackpack:squid":3,"minecraft:stone_bricks":8,"minecraft:item_frame":2,"minecraft:bow":5,"minecraft:hay_block":1,"minecraft:soul_soil":2,"minecraft:furnace":4,"tombstone:gift":3,"minecraft:egg":1,"minecraft:acacia_planks":14,"minecraft:cooked_mutton":2,"epicfight:skillbook":1,"minecraft:diamond_boots":1,"epicfight:iron_spear":105,"minecraft:stone_pickaxe":127,"minecraft:oak_planks":8,"alexsmobs:flying_fish_boots":1,"minecraft:wooden_pickaxe":3,"bakery:sandwich":1,"minecraft:crafting_table":12,"minecraft:red_bed":1,"scalinghealth:cursed_heart":2,"bakery:strawberry":2,"minecraft:white_bed":4,"minecraft:bread":27,"minecraft:iron_pickaxe":153,"minecraft:stone_axe":65,"minecraft:wooden_sword":3,"minecraft:dark_oak_fence":2,"minecraft:yellow_bed":4,"alexsmobs:animal_dictionary":1,"minecraft:cobweb":3},"minecraft:picked_up":{"minecraft:iron_chestplate":3,"minecraft:crafting_table":15,"minecraft:wooden_pickaxe":1,"minecraft:shield":2,"minecraft:string":7,"minecraft:red_bed":1,"minecraft:soul_soil":2,"minecraft:iron_axe":2,"minecraft:compass":2,"minecraft:white_carpet":2,"minecraft:armor_stand":1,"minecraft:item_frame":5,"minecraft:iron_pickaxe":3,"minecraft:light_gray_wool":2,"minecraft:enchanted_golden_apple":2,"minecraft:egg":1,"minecraft:furnace":9,"minecraft:raw_iron":139,"minecraft:stick":3,"minecraft:torch":158,"minecraft:spruce_stairs":5,"epicfight:skillbook":1,"tombstone:grave_dust":7,"minecraft:stone_sword":2,"minecraft:arrow":10,"minecraft:rotten_flesh":10,"minecraft:peony":6,"minecraft:diamond_boots":3,"minecraft:hay_block":9,"minecraft:iron_block":1,"minecraft:mutton":16,"alexsmobs:flying_fish":2,"minecraft:cobblestone":139,"minecraft:white_wool":9,"minecraft:enchanting_table":2,"minecraft:pink_petals":4,"minecraft:lilac":9,"minecraft:jungle_log":3,"minecraft:acacia_wood":21,"minecraft:oak_log":29,"scalinghealth:bandages":4,"minecraft:yellow_bed":6,"minecraft:acacia_boat":1,"minecraft:dirt":30,"minecraft:lantern":4,"tombstone:gift":2,"man:cassette_1safetyinstructions":3,"minecraft:cooked_mutton":14,"minecraft:purple_carpet":1,"minecraft:bone":17,"minecraft:acacia_planks":135,"minecraft:stone_bricks":8,"minecraft:bow":3,"minecraft:wheat_seeds":4,"minecraft:iron_ingot":28,"minecraft:stone_pickaxe":5,"minecraft:oak_planks":7,"minecraft:iron_sword":1,"bakery:strawberry":2,"scalinghealth:heart_crystal_shard":41,"travelersbackpack:squid":1,"epicfight:iron_spear":2,"minecraft:dandelion":1,"minecraft:gravel":1,"minecraft:white_bed":6,"minecraft:spider_eye":2,"alexsmobs:animal_dictionary":3,"minecraft:leather_helmet":2,"minecraft:stone_axe":1,"minecraft:granite":2,"minecraft:emerald":3,"minecraft:golden_apple":2,"minecraft:bread":45,"scalinghealth:cursed_heart":3,"minecraft:oak_sapling":2,"minecraft:dark_oak_fence":2,"minecraft:dark_oak_wood":3,"minecraft:coal":342,"minecraft:ender_pearl":3},"minecraft:dropped":{"minecraft:bread":25,"minecraft:acacia_boat":1,"minecraft:iron_sword":1,"minecraft:wheat_seeds":4,"minecraft:lilac":9,"minecraft:crafting_table":1,"scalinghealth:heart_crystal_shard":6,"minecraft:lantern":1,"minecraft:granite":2,"minecraft:spruce_stairs":4,"minecraft:golden_apple":2,"minecraft:item_frame":2,"minecraft:dirt":8,"minecraft:paper":2,"minecraft:string":1,"minecraft:pink_petals":4,"minecraft:dandelion":1,"minecraft:armor_stand":1,"minecraft:gravel":1,"minecraft:stone_axe":1,"minecraft:stone_sword":1,"minecraft:white_carpet":2,"minecraft:light_gray_wool":1,"minecraft:enchanted_golden_apple":2,"minecraft:white_bed":1,"minecraft:peony":6,"minecraft:oak_sapling":1,"minecraft:wooden_pickaxe":2,"minecraft:stone_pickaxe":3,"minecraft:purple_carpet":1},"minecraft:crafted":{"minecraft:wooden_sword":1,"minecraft:oak_planks":16,"epicfight:iron_spear":1,"minecraft:furnace":1,"minecraft:cooked_mutton":10,"minecraft:leather":3,"minecraft:iron_axe":1,"minecraft:stone_pickaxe":1,"alexsmobs:flying_fish_boots":1,"minecraft:wheat":72,"bakery:sandwich":1,"minecraft:crafting_table":1,"minecraft:wooden_pickaxe":2,"minecraft:iron_helmet":1,"scalinghealth:heart_crystal":1,"minecraft:stone_axe":1,"minecraft:acacia_boat":1,"minecraft:bread":24,"minecraft:air":0,"minecraft:jungle_planks":12,"minecraft:shield":1,"minecraft:stick":32,"minecraft:iron_ingot":59,"minecraft:stone_sword":1,"minecraft:iron_leggings":1,"minecraft:white_bed":2,"minecraft:acacia_planks":84,"minecraft:torch":76},"minecraft:killed_by":{"minecraft:sheep":1,"minecraft:creeper":1,"hordes:zombie_player":5,"minecraft:drowned":1,"man:managgresive":2,"minecraft:silverfish":3,"minecraft:skeleton":3,"minecraft:horse":1},"minecraft:killed":{"alexsmobs:hummingbird":1,"hordes:zombie_player":6,"minecraft:spider":3,"minecraft:skeleton":3,"minecraft:silverfish":9,"minecraft:drowned":1,"alexsmobs:flying_fish":1,"minecraft:sheep":9,"minecraft:zombie":5},"minecraft:mined":{"minecraft:white_bed":4,"minecraft:dark_oak_fence":2,"minecraft:granite":2,"minecraft:grass_block":10,"minecraft:jungle_log":3,"minecraft:soul_soil":2,"minecraft:hay_block":9,"minecraft:furnace":3,"minecraft:iron_ore":57,"minecraft:fire":37,"minecraft:acacia_wood":21,"minecraft:peony":3,"minecraft:enchanting_table":2,"minecraft:vine":1,"minecraft:stone":52,"minecraft:iron_block":1,"minecraft:red_bed":2,"minecraft:infested_stone_bricks":1,"minecraft:crafting_table":11,"minecraft:torch":4,"minecraft:dark_oak_wood":3,"minecraft:emerald_ore":1,"bakery:wild_strawberries":2,"minecraft:tall_grass":8,"minecraft:oak_planks":4,"minecraft:wall_torch":1,"minecraft:pink_petals":1,"minecraft:spruce_stairs":2,"minecraft:white_carpet":1,"minecraft:yellow_bed":4,"minecraft:grass":12,"minecraft:oak_log":5,"minecraft:coal_ore":144,"minecraft:gravel":1,"minecraft:dirt":16,"minecraft:cobweb":4,"minecraft:acacia_planks":8,"minecraft:stone_bricks":7,"minecraft:oak_leaves":3,"minecraft:infested_stone":1},"minecraft:custom":{"minecraft:mob_kills":38,"minecraft:interact_with_crafting_table":40,"minecraft:open_barrel":3,"minecraft:leave_game":1,"minecraft:time_since_death":2346,"minecraft:climb_one_cm":5334,"minecraft:sprint_one_cm":342560,"minecraft:walk_one_cm":896837,"minecraft:damage_blocked_by_shield":345,"minecraft:drop":40,"minecraft:talked_to_villager":4,"minecraft:play_time":187005,"minecraft:deaths":20,"minecraft:sneak_time":6487,"minecraft:walk_under_water_one_cm":31342,"minecraft:jump":1190,"minecraft:walk_on_water_one_cm":40964,"minecraft:total_world_time":187005,"minecraft:interact_with_furnace":31,"minecraft:tune_noteblock":2,"minecraft:sleep_in_bed":11,"minecraft:time_since_rest":2278,"minecraft:damage_taken":4484,"minecraft:damage_dealt":8166,"minecraft:swim_one_cm":49970,"minecraft:fly_one_cm":380215,"minecraft:open_chest":12,"minecraft:crouch_one_cm":38806,"tombstone:undead_killed":15,"minecraft:fall_one_cm":22185}},"DataVersion":3465}