{"stats":{"minecraft:picked_up":{"minecraft:wooden_pickaxe":1,"minecraft:gunpowder":2,"minecraft:dirt":6,"minecraft:string":4,"minecraft:bone":2,"minecraft:spruce_planks":1,"minecraft:stone_pickaxe":1,"minecraft:stick":1,"scalinghealth:heart_crystal_shard":6,"minecraft:torch":4,"epicfight:skillbook":2,"minecraft:spruce_sapling":7,"tombstone:grave_dust":6,"minecraft:spruce_log":11,"minecraft:spider_eye":1,"minecraft:rotten_flesh":3,"minecraft:arrow":2,"minecraft:stone_axe":1,"minecraft:bread":27,"alexsmobs:maggot":1,"minecraft:coal":31,"minecraft:snowball":41,"minecraft:cobblestone":24},"minecraft:used":{"minecraft:stone_sword":5,"minecraft:stone_pickaxe":64,"minecraft:spruce_planks":2,"minecraft:wooden_pickaxe":9,"securitycraft:coal_mine":1,"minecraft:torch":4,"minecraft:crafting_table":1,"epicfight:stone_spear":49,"alexsmobs:maggot":1,"minecraft:coal_ore":2,"minecraft:bread":11,"minecraft:spruce_sapling":4,"minecraft:wooden_sword":3,"tombstone:gift":1,"alexsmobs:animal_dictionary":1},"minecraft:custom":{"minecraft:mob_kills":17,"minecraft:interact_with_crafting_table":12,"minecraft:leave_game":3,"minecraft:time_since_death":379,"minecraft:time_since_rest":294,"minecraft:sprint_one_cm":198768,"minecraft:damage_taken":2072,"minecraft:walk_one_cm":221389,"minecraft:drop":22,"minecraft:damage_dealt":3244,"minecraft:fly_one_cm":351419,"minecraft:damage_dealt_absorbed":42,"minecraft:swim_one_cm":16587,"minecraft:crouch_one_cm":4994,"minecraft:play_time":48755,"tombstone:undead_killed":10,"minecraft:deaths":9,"minecraft:sneak_time":698,"minecraft:walk_under_water_one_cm":3979,"minecraft:jump":525,"minecraft:walk_on_water_one_cm":9154,"minecraft:total_world_time":48755,"minecraft:fall_one_cm":5745},"minecraft:crafted":{"minecraft:wooden_sword":1,"epicfight:stone_spear":2,"minecraft:crafting_table":2,"minecraft:spruce_planks":44,"minecraft:wooden_pickaxe":2,"minecraft:stone_axe":1,"minecraft:stick":24,"minecraft:stone_pickaxe":2,"minecraft:stone_sword":2,"minecraft:torch":12},"minecraft:dropped":{"minecraft:bread":60,"minecraft:stone_axe":1,"scalinghealth:heart_crystal_shard":3,"epicfight:stone_spear":1,"minecraft:coal":24,"minecraft:stick":2,"minecraft:dirt":20,"minecraft:snowball":41,"tombstone:grave_dust":2,"minecraft:wooden_sword":1,"minecraft:spider_eye":1,"minecraft:stone_pickaxe":1,"minecraft:wooden_pickaxe":2,"minecraft:spruce_sapling":3},"minecraft:mined":{"minecraft:spruce_leaves":3,"minecraft:spruce_sapling":2,"minecraft:ice":1,"minecraft:blue_ice":1,"minecraft:spruce_log":11,"minecraft:coal_ore":25,"minecraft:packed_ice":3,"minecraft:stone":24},"minecraft:killed_by":{"minecraft:zombie":2},"minecraft:killed":{"hordes:zombie_player":1,"minecraft:zombie_villager":1,"alexsmobs:seal":2,"minecraft:spider":3,"minecraft:skeleton":2,"minecraft:zombie":6,"alexsmobs:fly":1}},"DataVersion":3465}