{"stats":{"minecraft:picked_up":{"minecraft:crafting_table":1,"minecraft:redstone_block":1,"minecraft:wooden_pickaxe":1,"minecraft:gunpowder":2,"minecraft:dirt":12,"minecraft:string":15,"minecraft:cooked_salmon":1,"minecraft:bone":2,"minecraft:wheat_seeds":1,"minecraft:spruce_planks":14,"minecraft:stone_pickaxe":1,"minecraft:calcite":2,"minecraft:raw_iron":1,"iceandfire:dragonbone":9,"minecraft:stick":7,"scalinghealth:heart_crystal_shard":6,"minecraft:sweet_berries":21,"minecraft:torch":19,"minecraft:spruce_stairs":4,"epicfight:skillbook":2,"minecraft:ink_sac":3,"minecraft:spruce_sapling":9,"tombstone:grave_dust":6,"minecraft:white_bed":1,"minecraft:spruce_log":42,"minecraft:spider_eye":1,"iceandfire:dragon_skull_ice":1,"minecraft:rotten_flesh":5,"minecraft:arrow":2,"minecraft:spruce_boat":2,"minecraft:stone_axe":1,"waystones:waystone":1,"minecraft:bread":27,"alexsmobs:maggot":1,"minecraft:music_disc_wait":1,"minecraft:stripped_dark_oak_log":4,"iceandfire:raw_silver":7,"minecraft:coal":63,"minecraft:snowball":41,"minecraft:cobblestone":39},"minecraft:used":{"epicfight:skillbook":2,"minecraft:stone_sword":23,"epicfight:iron_spear":5,"minecraft:snow_block":16,"minecraft:stone_pickaxe":156,"minecraft:spruce_planks":107,"minecraft:wooden_pickaxe":13,"minecraft:cooked_salmon":2,"securitycraft:coal_mine":1,"minecraft:rotten_flesh":2,"minecraft:torch":19,"minecraft:dirt":7,"minecraft:spyglass":4,"minecraft:stripped_dark_oak_log":2,"minecraft:crafting_table":3,"minecraft:spruce_stairs":3,"minecraft:white_bed":2,"epicfight:stone_spear":49,"waystones:waystone":1,"minecraft:spruce_boat":3,"alexsmobs:maggot":1,"minecraft:coal_ore":2,"minecraft:map":1,"minecraft:bread":12,"minecraft:spruce_trapdoor":2,"minecraft:spruce_sapling":4,"minecraft:sweet_berries":21,"minecraft:stone_axe":51,"minecraft:wooden_sword":3,"minecraft:cobblestone":1,"tombstone:gift":1,"alexsmobs:animal_dictionary":1,"minecraft:coarse_dirt":8,"minecraft:experience_bottle":1},"minecraft:custom":{"minecraft:interact_with_furnace":7,"minecraft:mob_kills":18,"minecraft:interact_with_crafting_table":30,"minecraft:open_barrel":5,"minecraft:leave_game":3,"minecraft:time_since_death":7517,"minecraft:climb_one_cm":1020,"minecraft:waystone_activated":1,"minecraft:time_since_rest":7002,"minecraft:sprint_one_cm":376163,"minecraft:damage_taken":3687,"minecraft:walk_one_cm":643971,"minecraft:drop":31,"minecraft:damage_dealt":3280,"minecraft:fly_one_cm":680242,"minecraft:damage_dealt_absorbed":42,"minecraft:swim_one_cm":69086,"minecraft:open_chest":17,"minecraft:crouch_one_cm":42012,"minecraft:play_time":120755,"tombstone:undead_killed":10,"minecraft:deaths":15,"minecraft:sneak_time":7066,"minecraft:walk_under_water_one_cm":22522,"minecraft:boat_one_cm":66068,"minecraft:jump":1461,"minecraft:walk_on_water_one_cm":30046,"minecraft:total_world_time":120755,"minecraft:fall_one_cm":23176},"minecraft:crafted":{"minecraft:wooden_sword":1,"epicfight:stone_spear":2,"iceandfire:silver_ingot":4,"minecraft:crafting_table":4,"minecraft:spruce_planks":168,"epicfight:iron_spear":1,"minecraft:wooden_pickaxe":3,"minecraft:iron_sword":1,"minecraft:cooked_salmon":1,"minecraft:stone_axe":2,"minecraft:bread":1,"minecraft:air":0,"minecraft:spruce_trapdoor":2,"minecraft:white_wool":3,"minecraft:stick":32,"minecraft:white_bed":2,"minecraft:stone_pickaxe":3,"minecraft:stone_sword":3,"minecraft:snow_block":16,"minecraft:spruce_boat":1,"minecraft:torch":16},"minecraft:dropped":{"minecraft:bread":60,"minecraft:stone_axe":1,"minecraft:crafting_table":1,"scalinghealth:heart_crystal_shard":3,"epicfight:stone_spear":1,"minecraft:coal":24,"minecraft:stick":2,"minecraft:filled_map":1,"minecraft:dirt":20,"minecraft:torch":1,"minecraft:snowball":41,"tombstone:grave_dust":2,"minecraft:wooden_sword":1,"minecraft:spider_eye":1,"minecraft:music_disc_wait":1,"minecraft:stone_pickaxe":1,"minecraft:wooden_pickaxe":3,"minecraft:paper":9,"minecraft:string":3,"minecraft:spruce_sapling":5},"minecraft:mined":{"minecraft:podzol":1,"minecraft:spruce_planks":13,"minecraft:white_bed":1,"minecraft:redstone_block":1,"iceandfire:silver_ore":7,"minecraft:stripped_dark_oak_log":4,"minecraft:powder_snow":1,"minecraft:crafting_table":1,"minecraft:torch":3,"minecraft:calcite":2,"minecraft:grass_block":3,"minecraft:spruce_leaves":22,"minecraft:rooted_dirt":3,"minecraft:wall_torch":8,"minecraft:spruce_stairs":5,"minecraft:spruce_sapling":2,"minecraft:iron_ore":1,"minecraft:sweet_berry_bush":5,"minecraft:ice":6,"minecraft:blue_ice":1,"minecraft:spruce_log":42,"minecraft:birch_leaves":1,"minecraft:grass":5,"minecraft:coal_ore":57,"minecraft:dirt":3,"minecraft:packed_ice":36,"minecraft:cobweb":11,"minecraft:stone":39},"minecraft:killed_by":{"minecraft:skeleton":3,"minecraft:zombie":2},"minecraft:killed":{"hordes:zombie_player":1,"minecraft:zombie_villager":1,"minecraft:salmon":1,"alexsmobs:seal":2,"minecraft:spider":3,"minecraft:skeleton":2,"minecraft:zombie":6,"alexsmobs:fly":1}},"DataVersion":3465}