{"stats":{"minecraft:picked_up":{"minecraft:spruce_sapling":1,"minecraft:spruce_log":6,"minecraft:coal":2,"minecraft:cobblestone":12},"minecraft:used":{"minecraft:coal_ore":2,"minecraft:stone_pickaxe":13,"tombstone:gift":1,"minecraft:spruce_planks":2,"alexsmobs:animal_dictionary":1,"minecraft:wooden_pickaxe":6,"minecraft:spruce_sapling":1,"securitycraft:coal_mine":1},"minecraft:custom":{"minecraft:time_since_rest":474,"tombstone:undead_killed":1,"minecraft:crouch_one_cm":3079,"minecraft:deaths":3,"minecraft:sprint_one_cm":90732,"minecraft:play_time":24755,"minecraft:damage_taken":667,"minecraft:walk_one_cm":107843,"minecraft:sneak_time":296,"minecraft:mob_kills":1,"minecraft:jump":184,"minecraft:walk_on_water_one_cm":277,"minecraft:damage_dealt":176,"minecraft:leave_game":3,"minecraft:time_since_death":2873,"minecraft:total_world_time":24755,"minecraft:damage_dealt_absorbed":10,"minecraft:fall_one_cm":1878,"minecraft:interact_with_crafting_table":3,"minecraft:fly_one_cm":226009},"minecraft:crafted":{"minecraft:crafting_table":1,"minecraft:spruce_planks":24,"minecraft:stick":4,"minecraft:wooden_pickaxe":1,"minecraft:stone_pickaxe":1},"minecraft:mined":{"minecraft:coal_ore":2,"minecraft:spruce_log":6,"minecraft:stone":12},"minecraft:killed_by":{"minecraft:zombie":1},"minecraft:killed":{"minecraft:zombie":1}},"DataVersion":3465}