{"stats":{"minecraft:picked_up":{"minecraft:crafting_table":1,"minecraft:wooden_pickaxe":1,"minecraft:gunpowder":2,"minecraft:dirt":11,"minecraft:string":4,"minecraft:bone":2,"minecraft:spruce_planks":4,"minecraft:stone_pickaxe":1,"iceandfire:dragonbone":9,"minecraft:stick":7,"scalinghealth:heart_crystal_shard":6,"minecraft:torch":13,"minecraft:spruce_stairs":2,"epicfight:skillbook":2,"minecraft:spruce_sapling":9,"tombstone:grave_dust":6,"minecraft:spruce_log":42,"minecraft:spider_eye":1,"iceandfire:dragon_skull_ice":1,"minecraft:rotten_flesh":5,"minecraft:arrow":2,"minecraft:spruce_boat":2,"minecraft:stone_axe":1,"minecraft:bread":27,"alexsmobs:maggot":1,"minecraft:music_disc_wait":1,"minecraft:coal":38,"minecraft:snowball":41,"minecraft:cobblestone":31},"minecraft:used":{"minecraft:stone_sword":5,"minecraft:snow_block":16,"minecraft:stone_pickaxe":111,"minecraft:spruce_planks":55,"minecraft:wooden_pickaxe":13,"securitycraft:coal_mine":1,"minecraft:rotten_flesh":2,"minecraft:torch":9,"minecraft:dirt":6,"minecraft:crafting_table":2,"minecraft:spruce_stairs":2,"epicfight:stone_spear":49,"minecraft:spruce_boat":2,"alexsmobs:maggot":1,"minecraft:coal_ore":2,"minecraft:bread":12,"minecraft:spruce_trapdoor":2,"minecraft:spruce_sapling":4,"minecraft:stone_axe":35,"minecraft:wooden_sword":3,"minecraft:cobblestone":1,"tombstone:gift":1,"alexsmobs:animal_dictionary":1,"minecraft:coarse_dirt":8,"minecraft:experience_bottle":1},"minecraft:custom":{"minecraft:mob_kills":17,"minecraft:interact_with_crafting_table":24,"minecraft:leave_game":3,"minecraft:time_since_death":4009,"minecraft:time_since_rest":3781,"minecraft:sprint_one_cm":272159,"minecraft:damage_taken":2978,"minecraft:walk_one_cm":380632,"minecraft:drop":25,"minecraft:damage_dealt":3244,"minecraft:fly_one_cm":542791,"minecraft:damage_dealt_absorbed":42,"minecraft:swim_one_cm":37488,"minecraft:open_chest":3,"minecraft:crouch_one_cm":31921,"minecraft:play_time":84755,"tombstone:undead_killed":10,"minecraft:deaths":14,"minecraft:sneak_time":5308,"minecraft:walk_under_water_one_cm":8786,"minecraft:boat_one_cm":45097,"minecraft:jump":1005,"minecraft:walk_on_water_one_cm":17616,"minecraft:total_world_time":84755,"minecraft:fall_one_cm":13035},"minecraft:crafted":{"minecraft:wooden_sword":1,"epicfight:stone_spear":2,"minecraft:crafting_table":3,"minecraft:spruce_planks":116,"minecraft:wooden_pickaxe":3,"minecraft:stone_axe":2,"minecraft:bread":1,"minecraft:spruce_trapdoor":2,"minecraft:stick":32,"minecraft:stone_pickaxe":3,"minecraft:stone_sword":2,"minecraft:snow_block":16,"minecraft:spruce_boat":1,"minecraft:torch":16},"minecraft:dropped":{"minecraft:bread":60,"minecraft:stone_axe":1,"minecraft:crafting_table":1,"scalinghealth:heart_crystal_shard":3,"epicfight:stone_spear":1,"minecraft:coal":24,"minecraft:stick":2,"minecraft:dirt":20,"minecraft:snowball":41,"tombstone:grave_dust":2,"minecraft:wooden_sword":1,"minecraft:spider_eye":1,"minecraft:music_disc_wait":1,"minecraft:stone_pickaxe":1,"minecraft:wooden_pickaxe":2,"minecraft:spruce_sapling":4},"minecraft:mined":{"minecraft:spruce_planks":3,"minecraft:powder_snow":1,"minecraft:crafting_table":1,"minecraft:torch":3,"minecraft:grass_block":2,"minecraft:spruce_leaves":22,"minecraft:wall_torch":4,"minecraft:spruce_stairs":3,"minecraft:spruce_sapling":2,"minecraft:ice":1,"minecraft:blue_ice":1,"minecraft:spruce_log":42,"minecraft:birch_leaves":1,"minecraft:coal_ore":32,"minecraft:dirt":3,"minecraft:packed_ice":36,"minecraft:stone":31},"minecraft:killed_by":{"minecraft:skeleton":3,"minecraft:zombie":2},"minecraft:killed":{"hordes:zombie_player":1,"minecraft:zombie_villager":1,"alexsmobs:seal":2,"minecraft:spider":3,"minecraft:skeleton":2,"minecraft:zombie":6,"alexsmobs:fly":1}},"DataVersion":3465}