{"stats":{"minecraft:picked_up":{"minecraft:coal":2},"minecraft:used":{"minecraft:wooden_pickaxe":2,"minecraft:coal_ore":2,"securitycraft:coal_mine":1},"minecraft:custom":{"minecraft:jump":38,"minecraft:time_since_rest":12219,"minecraft:crouch_one_cm":683,"minecraft:leave_game":2,"minecraft:play_time":12219,"minecraft:sprint_one_cm":40219,"minecraft:time_since_death":12219,"minecraft:walk_one_cm":43979,"minecraft:sneak_time":52,"minecraft:total_world_time":12219,"minecraft:fly_one_cm":140403},"minecraft:mined":{"minecraft:coal_ore":2}},"DataVersion":3465}