{"stats":{"minecraft:picked_up":{"minecraft:coarse_dirt":27,"minecraft:crafting_table":1,"minecraft:wheat":1,"minecraft:redstone_block":1,"minecraft:ladder":2,"minecraft:clay_ball":4,"minecraft:wooden_pickaxe":1,"minecraft:shield":2,"minecraft:oak_trapdoor":8,"minecraft:string":16,"minecraft:raw_copper":2,"minecraft:cooked_salmon":1,"minecraft:white_carpet":1,"minecraft:spruce_planks":61,"minecraft:calcite":2,"minecraft:iron_nugget":9,"minecraft:spruce_trapdoor":5,"crittersandcompanions:clam":4,"minecraft:stick":10,"minecraft:raw_iron":3,"iceandfire:dragonbone":9,"minecraft:torch":42,"minecraft:spruce_stairs":4,"epicfight:skillbook":7,"tombstone:grave_dust":12,"minecraft:dark_oak_planks":8,"iceandfire:dragon_skull_ice":3,"minecraft:arrow":3,"minecraft:rotten_flesh":18,"minecraft:hay_block":81,"minecraft:music_disc_wait":1,"minecraft:snowball":41,"minecraft:cobblestone":97,"minecraft:smoker":1,"minecraft:filled_map":4,"scalinghealth:bandages":8,"minecraft:gunpowder":10,"minecraft:lantern":2,"minecraft:dirt":200,"scalinghealth:medkit":2,"biomemakeover:crude_fragment":3,"minecraft:bone":4,"minecraft:gray_carpet":2,"minecraft:wheat_seeds":3,"biomemakeover:cladded_leggings":1,"minecraft:iron_ingot":1,"minecraft:stone_pickaxe":1,"minecraft:dark_oak_stairs":2,"minecraft:book":1,"scalinghealth:heart_crystal_shard":6,"minecraft:dark_oak_slab":1,"minecraft:sweet_berries":121,"minecraft:spyglass":3,"minecraft:gravel":2,"minecraft:spruce_sapling":9,"minecraft:ink_sac":12,"minecraft:white_bed":7,"minecraft:spruce_log":48,"minecraft:dark_oak_log":5,"minecraft:spider_eye":1,"iceandfire:silver_pickaxe":1,"minecraft:stone_axe":3,"minecraft:spruce_boat":5,"waystones:waystone":1,"iceandfire:dragon_ice":1,"minecraft:crossbow":1,"minecraft:spruce_button":1,"minecraft:emerald":1,"minecraft:bread":27,"minecraft:rooted_dirt":4,"alexsmobs:maggot":1,"iceandfire:silver_nugget":24,"minecraft:stripped_dark_oak_log":4,"minecraft:coal":129,"iceandfire:raw_silver":13},"minecraft:used":{"minecraft:stone_sword":23,"minecraft:spruce_planks":107,"minecraft:shield":22,"minecraft:cooked_salmon":2,"minecraft:rotten_flesh":2,"minecraft:torch":21,"minecraft:dirt":22,"minecraft:spyglass":4,"minecraft:spruce_stairs":3,"iceandfire:armor_silver_metal_helmet":1,"minecraft:spruce_boat":6,"alexsmobs:maggot":1,"minecraft:coal_ore":2,"minecraft:sweet_berries":33,"tombstone:gift":1,"epicfight:skillbook":6,"epicfight:iron_spear":92,"minecraft:snow_block":16,"minecraft:stone_pickaxe":156,"minecraft:wooden_pickaxe":13,"securitycraft:coal_mine":1,"iceandfire:armor_silver_metal_boots":1,"minecraft:stripped_dark_oak_log":2,"minecraft:crafting_table":5,"minecraft:white_bed":5,"epicfight:stone_spear":49,"iceandfire:silver_pickaxe":32,"waystones:waystone":1,"minecraft:dark_oak_log":1,"minecraft:bread":18,"minecraft:map":1,"minecraft:spruce_trapdoor":2,"minecraft:spruce_sapling":4,"minecraft:gravel":4,"minecraft:stone_axe":59,"iceandfire:silver_hoe":76,"minecraft:wooden_sword":3,"minecraft:cobblestone":1,"alexsmobs:animal_dictionary":1,"minecraft:coarse_dirt":10,"minecraft:experience_bottle":2},"minecraft:custom":{"minecraft:mob_kills":44,"minecraft:interact_with_crafting_table":36,"minecraft:open_barrel":5,"minecraft:leave_game":3,"minecraft:time_since_death":11047,"minecraft:climb_one_cm":1020,"minecraft:sprint_one_cm":433882,"minecraft:walk_one_cm":870830,"minecraft:damage_blocked_by_shield":708,"minecraft:drop":63,"minecraft:damage_dealt_absorbed":471,"minecraft:play_time":156755,"minecraft:deaths":24,"minecraft:sneak_time":8780,"minecraft:walk_under_water_one_cm":40509,"minecraft:boat_one_cm":111554,"minecraft:jump":1829,"minecraft:interact_with_blast_furnace":1,"minecraft:walk_on_water_one_cm":43494,"minecraft:total_world_time":156755,"minecraft:interact_with_furnace":10,"tombstone:raider_killed":5,"minecraft:sleep_in_bed":1,"minecraft:time_since_rest":10876,"minecraft:waystone_activated":1,"minecraft:damage_taken":5365,"minecraft:damage_dealt":8727,"minecraft:swim_one_cm":91311,"minecraft:fly_one_cm":735724,"minecraft:open_chest":24,"minecraft:crouch_one_cm":57377,"tombstone:undead_killed":28,"minecraft:interact_with_smoker":1,"minecraft:fall_one_cm":29722},"minecraft:crafted":{"minecraft:wooden_sword":1,"epicfight:iron_spear":2,"minecraft:stone_pickaxe":3,"minecraft:spruce_boat":2,"minecraft:dark_oak_planks":8,"minecraft:wheat":261,"epicfight:stone_spear":2,"iceandfire:silver_ingot":4,"minecraft:crafting_table":6,"minecraft:spruce_planks":184,"minecraft:wooden_pickaxe":3,"minecraft:iron_sword":2,"minecraft:cooked_salmon":1,"minecraft:hay_block":12,"minecraft:stone_axe":2,"minecraft:bread":53,"minecraft:air":0,"minecraft:spruce_trapdoor":2,"minecraft:white_wool":3,"minecraft:stick":40,"minecraft:iron_ingot":1,"minecraft:stone_sword":3,"minecraft:snow_block":16,"minecraft:white_bed":2,"minecraft:torch":16,"iceandfire:silver_pickaxe":1,"iceandfire:silver_hoe":1},"minecraft:dropped":{"minecraft:bread":60,"minecraft:wheat_seeds":2,"crittersandcompanions:clam":3,"minecraft:crafting_table":1,"minecraft:dark_oak_slab":1,"scalinghealth:heart_crystal_shard":3,"minecraft:lantern":2,"minecraft:rooted_dirt":4,"biomemakeover:crude_fragment":3,"minecraft:spruce_button":1,"epicfight:stone_spear":1,"minecraft:coal":24,"minecraft:stick":2,"minecraft:dirt":127,"minecraft:ink_sac":6,"minecraft:torch":1,"minecraft:snowball":41,"tombstone:grave_dust":4,"minecraft:wooden_sword":1,"minecraft:music_disc_wait":1,"minecraft:paper":9,"minecraft:dark_oak_planks":4,"minecraft:string":3,"minecraft:gray_carpet":2,"minecraft:spruce_sapling":5,"minecraft:stone_axe":1,"minecraft:oak_trapdoor":8,"minecraft:wheat":1,"minecraft:white_carpet":1,"iceandfire:dragon_ice":1,"minecraft:filled_map":3,"minecraft:gunpowder":3,"minecraft:spruce_planks":18,"minecraft:spruce_trapdoor":2,"iceandfire:silver_ingot":1,"minecraft:ladder":2,"minecraft:spider_eye":1,"minecraft:spruce_log":2,"minecraft:wooden_pickaxe":3,"minecraft:stone_pickaxe":2,"epicfight:skillbook":1},"minecraft:mined":{"minecraft:spruce_planks":13,"minecraft:white_bed":2,"iceandfire:silver_ore":8,"minecraft:dark_oak_log":3,"minecraft:spruce_trapdoor":1,"minecraft:grass_block":3,"minecraft:spruce_leaves":22,"minecraft:rooted_dirt":3,"minecraft:large_fern":1,"minecraft:hay_block":84,"minecraft:spruce_sapling":2,"minecraft:iron_ore":1,"minecraft:packed_ice":36,"minecraft:stone":62,"minecraft:podzol":1,"minecraft:redstone_block":1,"minecraft:smoker":1,"minecraft:stripped_dark_oak_log":4,"minecraft:powder_snow":1,"iceandfire:dragon_ice_spikes":5,"minecraft:crafting_table":1,"minecraft:torch":3,"minecraft:spruce_button":1,"minecraft:calcite":2,"minecraft:wall_torch":8,"minecraft:spruce_stairs":5,"minecraft:coarse_dirt":1,"minecraft:blue_ice":1,"minecraft:sweet_berry_bush":19,"minecraft:ice":6,"minecraft:spruce_log":44,"minecraft:birch_leaves":2,"minecraft:grass":6,"minecraft:coal_ore":59,"minecraft:gravel":1,"minecraft:dirt":6,"minecraft:cobweb":11,"minecraft:fern":3},"minecraft:killed_by":{"minecraft:skeleton":5,"minecraft:zombie":3},"minecraft:killed":{"hordes:zombie_player":4,"minecraft:spider":4,"minecraft:skeleton":2,"minecraft:drowned":4,"minecraft:zombie_villager":4,"minecraft:salmon":1,"alexsmobs:seal":2,"minecraft:creeper":2,"hordes:drowned_player":1,"minecraft:pillager":5,"minecraft:zombie":13,"alexsmobs:fly":1}},"DataVersion":3465}