{"stats":{"minecraft:picked_up":{"minecraft:crafting_table":1,"minecraft:wooden_pickaxe":1,"minecraft:gunpowder":2,"minecraft:dirt":12,"minecraft:string":12,"minecraft:cooked_salmon":1,"minecraft:bone":2,"minecraft:wheat_seeds":1,"minecraft:spruce_planks":13,"minecraft:stone_pickaxe":1,"minecraft:raw_iron":1,"iceandfire:dragonbone":9,"minecraft:stick":7,"scalinghealth:heart_crystal_shard":6,"minecraft:sweet_berries":10,"minecraft:torch":19,"minecraft:spruce_stairs":2,"epicfight:skillbook":2,"minecraft:ink_sac":3,"minecraft:spruce_sapling":9,"tombstone:grave_dust":6,"minecraft:spruce_log":42,"minecraft:spider_eye":1,"iceandfire:dragon_skull_ice":1,"minecraft:rotten_flesh":5,"minecraft:arrow":2,"minecraft:spruce_boat":2,"minecraft:stone_axe":1,"waystones:waystone":1,"minecraft:bread":27,"alexsmobs:maggot":1,"minecraft:music_disc_wait":1,"iceandfire:raw_silver":4,"minecraft:coal":59,"minecraft:snowball":41,"minecraft:cobblestone":39},"minecraft:used":{"epicfight:skillbook":2,"minecraft:stone_sword":20,"epicfight:iron_spear":5,"minecraft:snow_block":16,"minecraft:stone_pickaxe":146,"minecraft:spruce_planks":106,"minecraft:wooden_pickaxe":13,"minecraft:cooked_salmon":2,"securitycraft:coal_mine":1,"minecraft:rotten_flesh":2,"minecraft:torch":18,"minecraft:dirt":7,"minecraft:crafting_table":2,"minecraft:spruce_stairs":2,"epicfight:stone_spear":49,"minecraft:spruce_boat":3,"alexsmobs:maggot":1,"minecraft:coal_ore":2,"minecraft:bread":12,"minecraft:spruce_trapdoor":2,"minecraft:spruce_sapling":4,"minecraft:sweet_berries":10,"minecraft:stone_axe":44,"minecraft:wooden_sword":3,"minecraft:cobblestone":1,"tombstone:gift":1,"alexsmobs:animal_dictionary":1,"minecraft:coarse_dirt":8,"minecraft:experience_bottle":1},"minecraft:custom":{"minecraft:interact_with_furnace":4,"minecraft:mob_kills":18,"minecraft:interact_with_crafting_table":27,"minecraft:leave_game":3,"minecraft:time_since_death":28009,"minecraft:climb_one_cm":847,"minecraft:time_since_rest":27781,"minecraft:sprint_one_cm":353766,"minecraft:damage_taken":3587,"minecraft:walk_one_cm":590324,"minecraft:drop":27,"minecraft:damage_dealt":3280,"minecraft:fly_one_cm":633289,"minecraft:damage_dealt_absorbed":42,"minecraft:swim_one_cm":47057,"minecraft:open_chest":12,"minecraft:crouch_one_cm":40540,"minecraft:play_time":108755,"tombstone:undead_killed":10,"minecraft:deaths":14,"minecraft:sneak_time":6773,"minecraft:walk_under_water_one_cm":20774,"minecraft:boat_one_cm":66068,"minecraft:jump":1323,"minecraft:walk_on_water_one_cm":25139,"minecraft:total_world_time":108755,"minecraft:fall_one_cm":19579},"minecraft:crafted":{"minecraft:wooden_sword":1,"epicfight:stone_spear":2,"minecraft:crafting_table":3,"minecraft:spruce_planks":168,"epicfight:iron_spear":1,"minecraft:wooden_pickaxe":3,"minecraft:iron_sword":1,"minecraft:cooked_salmon":1,"minecraft:stone_axe":2,"minecraft:bread":1,"minecraft:spruce_trapdoor":2,"minecraft:white_wool":2,"minecraft:stick":32,"minecraft:stone_pickaxe":3,"minecraft:stone_sword":3,"minecraft:snow_block":16,"minecraft:spruce_boat":1,"minecraft:torch":16},"minecraft:dropped":{"minecraft:bread":60,"minecraft:stone_axe":1,"minecraft:crafting_table":1,"scalinghealth:heart_crystal_shard":3,"epicfight:stone_spear":1,"minecraft:coal":24,"minecraft:stick":2,"minecraft:dirt":20,"minecraft:torch":1,"minecraft:snowball":41,"tombstone:grave_dust":2,"minecraft:wooden_sword":1,"minecraft:spider_eye":1,"minecraft:music_disc_wait":1,"minecraft:stone_pickaxe":1,"minecraft:wooden_pickaxe":2,"minecraft:spruce_sapling":5},"minecraft:mined":{"minecraft:podzol":1,"minecraft:spruce_planks":12,"iceandfire:silver_ore":4,"minecraft:powder_snow":1,"minecraft:crafting_table":1,"minecraft:torch":3,"minecraft:grass_block":3,"minecraft:spruce_leaves":22,"minecraft:rooted_dirt":3,"minecraft:wall_torch":8,"minecraft:spruce_stairs":3,"minecraft:spruce_sapling":2,"minecraft:iron_ore":1,"minecraft:sweet_berry_bush":4,"minecraft:ice":6,"minecraft:blue_ice":1,"minecraft:spruce_log":42,"minecraft:birch_leaves":1,"minecraft:grass":5,"minecraft:coal_ore":53,"minecraft:dirt":3,"minecraft:packed_ice":36,"minecraft:cobweb":8,"minecraft:stone":39},"minecraft:killed_by":{"minecraft:skeleton":3,"minecraft:zombie":2},"minecraft:killed":{"hordes:zombie_player":1,"minecraft:zombie_villager":1,"minecraft:salmon":1,"alexsmobs:seal":2,"minecraft:spider":3,"minecraft:skeleton":2,"minecraft:zombie":6,"alexsmobs:fly":1}},"DataVersion":3465}