{"stats":{"minecraft:picked_up":{"minecraft:crafting_table":1,"minecraft:wooden_pickaxe":1,"minecraft:gunpowder":2,"minecraft:dirt":11,"minecraft:string":4,"minecraft:bone":2,"minecraft:spruce_planks":3,"minecraft:stone_pickaxe":1,"minecraft:stick":7,"scalinghealth:heart_crystal_shard":6,"minecraft:torch":10,"minecraft:spruce_stairs":1,"epicfight:skillbook":2,"minecraft:spruce_sapling":9,"tombstone:grave_dust":6,"minecraft:spruce_log":42,"minecraft:spider_eye":1,"minecraft:rotten_flesh":5,"minecraft:arrow":2,"minecraft:spruce_boat":1,"minecraft:stone_axe":1,"minecraft:bread":27,"alexsmobs:maggot":1,"minecraft:coal":31,"minecraft:snowball":41,"minecraft:cobblestone":31},"minecraft:used":{"minecraft:stone_sword":5,"minecraft:stone_pickaxe":102,"minecraft:spruce_planks":46,"minecraft:wooden_pickaxe":13,"securitycraft:coal_mine":1,"minecraft:rotten_flesh":2,"minecraft:torch":8,"minecraft:dirt":5,"minecraft:crafting_table":2,"minecraft:spruce_stairs":1,"epicfight:stone_spear":49,"minecraft:spruce_boat":1,"alexsmobs:maggot":1,"minecraft:coal_ore":2,"minecraft:bread":12,"minecraft:spruce_trapdoor":2,"minecraft:spruce_sapling":4,"minecraft:stone_axe":33,"minecraft:wooden_sword":3,"tombstone:gift":1,"alexsmobs:animal_dictionary":1,"minecraft:experience_bottle":1},"minecraft:custom":{"minecraft:mob_kills":17,"minecraft:interact_with_crafting_table":24,"minecraft:leave_game":3,"minecraft:time_since_death":23827,"minecraft:time_since_rest":23135,"minecraft:sprint_one_cm":247130,"minecraft:damage_taken":2337,"minecraft:walk_one_cm":333764,"minecraft:drop":24,"minecraft:damage_dealt":3244,"minecraft:fly_one_cm":437432,"minecraft:damage_dealt_absorbed":42,"minecraft:swim_one_cm":23346,"minecraft:open_chest":3,"minecraft:crouch_one_cm":18787,"minecraft:play_time":72755,"tombstone:undead_killed":10,"minecraft:deaths":10,"minecraft:sneak_time":3535,"minecraft:walk_under_water_one_cm":6121,"minecraft:boat_one_cm":34430,"minecraft:jump":771,"minecraft:walk_on_water_one_cm":14461,"minecraft:total_world_time":72755,"minecraft:fall_one_cm":7738},"minecraft:crafted":{"minecraft:wooden_sword":1,"epicfight:stone_spear":2,"minecraft:crafting_table":3,"minecraft:spruce_planks":108,"minecraft:wooden_pickaxe":3,"minecraft:stone_axe":2,"minecraft:bread":1,"minecraft:spruce_trapdoor":2,"minecraft:stick":32,"minecraft:stone_pickaxe":3,"minecraft:stone_sword":2,"minecraft:spruce_boat":1,"minecraft:torch":16},"minecraft:dropped":{"minecraft:bread":60,"minecraft:stone_axe":1,"minecraft:crafting_table":1,"scalinghealth:heart_crystal_shard":3,"epicfight:stone_spear":1,"minecraft:coal":24,"minecraft:stick":2,"minecraft:dirt":20,"minecraft:snowball":41,"tombstone:grave_dust":2,"minecraft:wooden_sword":1,"minecraft:spider_eye":1,"minecraft:stone_pickaxe":1,"minecraft:wooden_pickaxe":2,"minecraft:spruce_sapling":4},"minecraft:mined":{"minecraft:spruce_planks":2,"minecraft:crafting_table":1,"minecraft:torch":3,"minecraft:grass_block":2,"minecraft:spruce_leaves":22,"minecraft:spruce_stairs":2,"minecraft:spruce_sapling":2,"minecraft:ice":1,"minecraft:blue_ice":1,"minecraft:spruce_log":42,"minecraft:birch_leaves":1,"minecraft:coal_ore":25,"minecraft:dirt":3,"minecraft:packed_ice":36,"minecraft:stone":31},"minecraft:killed_by":{"minecraft:zombie":2},"minecraft:killed":{"hordes:zombie_player":1,"minecraft:zombie_villager":1,"alexsmobs:seal":2,"minecraft:spider":3,"minecraft:skeleton":2,"minecraft:zombie":6,"alexsmobs:fly":1}},"DataVersion":3465}