{"stats":{"minecraft:crafted":{"minecraft:oak_planks":76,"epicfight:iron_spear":1,"minecraft:furnace":2,"epicfight:diamond_spear":1,"minecraft:cooked_mutton":6,"minecraft:leather":12,"minecraft:iron_boots":1,"minecraft:stone_pickaxe":2,"minecraft:chest":1,"minecraft:dark_oak_planks":16,"sophisticatedbackpacks:iron_backpack":1,"minecraft:wheat":207,"iceandfire:silver_axe":2,"epicfight:stone_spear":1,"sophisticatedbackpacks:backpack":1,"minecraft:diamond_sword":1,"iceandfire:silver_ingot":21,"minecraft:crafting_table":7,"minecraft:wooden_pickaxe":2,"minecraft:copper_ingot":6,"scalinghealth:heart_crystal":2,"minecraft:bucket":1,"minecraft:stone_axe":2,"minecraft:bread":69,"minecraft:air":0,"iceandfire:armor_silver_metal_helmet":1,"minecraft:diamond_pickaxe":1,"minecraft:shield":1,"minecraft:stick":64,"minecraft:iron_ingot":62,"minecraft:iron_pickaxe":3,"minecraft:stone_sword":1,"minecraft:iron_leggings":2,"minecraft:torch":28,"iceandfire:silver_pickaxe":1,"iceandfire:silver_sword":1,"minecraft:lapis_block":5},"minecraft:custom":{"minecraft:mob_kills":126,"minecraft:inspect_hopper":4,"minecraft:interact_with_crafting_table":55,"minecraft:open_barrel":12,"minecraft:damage_dealt_resisted":111,"minecraft:leave_game":2,"minecraft:time_since_death":19423,"minecraft:climb_one_cm":5704,"minecraft:damage_resisted":22,"minecraft:sprint_one_cm":532679,"minecraft:walk_one_cm":1077841,"minecraft:damage_blocked_by_shield":162,"minecraft:drop":115,"minecraft:play_time":232826,"minecraft:sneak_time":12064,"minecraft:deaths":73,"minecraft:walk_under_water_one_cm":34838,"minecraft:jump":3341,"minecraft:interact_with_blast_furnace":6,"minecraft:walk_on_water_one_cm":37971,"minecraft:total_world_time":232826,"minecraft:interact_with_furnace":42,"minecraft:sleep_in_bed":7,"minecraft:time_since_rest":6332,"minecraft:damage_taken":10984,"minecraft:damage_dealt":23757,"minecraft:swim_one_cm":81598,"minecraft:fly_one_cm":761696,"minecraft:open_chest":57,"minecraft:crouch_one_cm":62269,"tombstone:undead_killed":57,"minecraft:fall_one_cm":74864,"minecraft:interact_with_smoker":4},"minecraft:mined":{"minecraft:infested_deepslate":2,"minecraft:tuff":37,"iceandfire:silver_ore":21,"minecraft:deepslate_diamond_ore":11,"minecraft:jungle_leaves":1,"minecraft:grass_block":3,"minecraft:infested_cobblestone":1,"minecraft:jungle_planks":2,"minecraft:hay_block":37,"minecraft:furnace":4,"minecraft:dark_oak_trapdoor":1,"minecraft:iron_ore":62,"minecraft:cobbled_deepslate":4,"minecraft:acacia_wood":1,"minecraft:green_terracotta":1,"minecraft:andesite":16,"minecraft:deepslate_lapis_ore":12,"minecraft:deepslate_iron_ore":12,"minecraft:vine":3,"minecraft:potatoes":13,"minecraft:dirt_path":2,"minecraft:stone":407,"scalinghealth:heart_crystal_ore":2,"minecraft:deepslate_redstone_ore":8,"minecraft:oak_slab":4,"minecraft:acacia_leaves":1,"minecraft:smoker":2,"minecraft:stripped_dark_oak_log":1,"minecraft:crafting_table":7,"minecraft:torch":4,"minecraft:emerald_ore":8,"minecraft:oak_wood":2,"minecraft:chest":1,"minecraft:tall_grass":5,"minecraft:copper_ore":35,"minecraft:cobblestone":16,"minecraft:deepslate_coal_ore":5,"minecraft:deepslate_gold_ore":7,"minecraft:lapis_ore":7,"minecraft:wall_torch":4,"minecraft:deepslate_copper_ore":2,"minecraft:wheat":4,"minecraft:yellow_bed":5,"snowrealmagic:stairs":1,"minecraft:grass":2,"minecraft:oak_log":37,"minecraft:coal_ore":143,"minecraft:sand":1,"minecraft:dirt":5,"minecraft:cobweb":5,"minecraft:deepslate":62,"minecraft:gold_ore":6,"minecraft:oak_leaves":8,"minecraft:deepslate_emerald_ore":3,"minecraft:infested_stone":23,"minecraft:redstone_lamp":3},"minecraft:killed_by":{"iceandfire:cyclops":2,"minecraft:stray":1,"minecraft:creeper":12,"hordes:zombie_player":8,"minecraft:zombie_horse":1,"man:managgresive":2,"minecraft:silverfish":19,"minecraft:skeleton":15,"minecraft:zombie":7,"cave_dweller:cave_dweller":1,"iceandfire:fire_dragon":2},"minecraft:broken":{"minecraft:iron_pickaxe":2},"minecraft:killed":{"hordes:zombie_player":11,"minecraft:spider":1,"minecraft:skeleton":15,"minecraft:silverfish":53,"minecraft:drowned":1,"minecraft:creeper":2,"minecraft:sheep":4,"minecraft:zombie":29,"minecraft:stray":1,"minecraft:cow":2},"minecraft:used":{"minecraft:shield":1,"minecraft:iron_sword":16,"minecraft:green_terracotta":1,"minecraft:torch":66,"minecraft:dirt":4,"minecraft:tuff":4,"minecraft:dark_oak_planks":16,"epicfight:stone_greatsword":40,"minecraft:furnace":4,"tombstone:gift":6,"minecraft:potato":14,"minecraft:cobbled_deepslate":14,"minecraft:water_bucket":7,"minecraft:cooked_mutton":4,"epicfight:skillbook":3,"epicfight:iron_spear":260,"minecraft:bundle":1,"minecraft:stone_pickaxe":114,"minecraft:wooden_pickaxe":18,"minecraft:diamond_axe":1,"minecraft:dark_oak_trapdoor":1,"minecraft:polished_blackstone_pressure_plate":1,"minecraft:stripped_dark_oak_log":1,"epicfight:diamond_spear":59,"minecraft:oak_slab":1,"minecraft:crafting_table":16,"minecraft:blast_furnace":1,"scalinghealth:cursed_heart":3,"iceandfire:silver_axe":17,"epicfight:stone_spear":22,"minecraft:smoker":1,"minecraft:diamond_pickaxe":189,"minecraft:iron_pickaxe":614,"minecraft:bread":28,"tombstone:magic_scroll":1,"tombstone:grave_key":2,"minecraft:stone_axe":30,"minecraft:cobblestone":258,"minecraft:experience_bottle":1,"minecraft:bucket":8,"minecraft:andesite":19,"minecraft:yellow_bed":4},"minecraft:dropped":{"minecraft:enchanted_book":2,"iceandfire:raw_silver":7,"minecraft:oak_slab":6,"minecraft:wheat_seeds":12,"minecraft:lapis_lazuli":9,"crittersandcompanions:clam":1,"iceandfire:silver_axe":1,"minecraft:glow_ink_sac":3,"minecraft:diamond":2,"scalinghealth:cursed_heart":4,"minecraft:cobblestone":87,"scalinghealth:heart_crystal_shard":4,"minecraft:leather":1,"minecraft:iron_horse_armor":2,"epicfight:stone_spear":3,"minecraft:coal":64,"minecraft:stick":32,"minecraft:dirt":50,"tombstone:magic_scroll":1,"minecraft:torch":6,"iceandfire:silver_sword":1,"minecraft:cornflower":1,"tombstone:grave_key":3,"epicfight:iron_greatsword":1,"tombstone:grave_dust":6,"minecraft:iron_leggings":1,"epicfight:stone_greatsword":3,"minecraft:wither_rose":2,"minecraft:sunflower":8,"minecraft:sand":1,"minecraft:music_disc_wait":3,"minecraft:lapis_block":5,"minecraft:bone":17,"minecraft:music_disc_blocks":1,"epicfight:iron_spear":1,"minecraft:stone_axe":1,"minecraft:mangrove_roots":1,"minecraft:cobbled_deepslate":128,"minecraft:raw_copper":99,"minecraft:tuff":64,"minecraft:wheat":4,"minecraft:birch_sapling":3,"tombstone:gift":1,"minecraft:stripped_dark_oak_log":1,"minecraft:rotten_flesh":11,"minecraft:oak_planks":4,"iceandfire:dragon_skull_ice":1,"minecraft:carrot":1,"minecraft:gunpowder":2,"minecraft:spruce_trapdoor":1,"minecraft:andesite":87,"minecraft:azalea":1,"minecraft:oak_sapling":10,"minecraft:raw_gold":9,"minecraft:beef":4,"minecraft:arrow":7,"minecraft:wooden_pickaxe":3,"iceandfire:silver_pickaxe":1,"scalinghealth:bandages":36},"minecraft:picked_up":{"cataclysm:void_scatter_arrow":4,"minecraft:crafting_table":14,"minecraft:iron_chestplate":5,"minecraft:wheat":4,"minecraft:redstone_lamp":3,"minecraft:wooden_pickaxe":1,"minecraft:oak_stairs":1,"minecraft:wither_rose":3,"minecraft:enchanted_book":3,"tombstone:grave_key":1,"minecraft:shield":4,"minecraft:cornflower":1,"minecraft:string":4,"minecraft:dark_oak_trapdoor":1,"minecraft:raw_copper":168,"minecraft:iron_leggings":3,"minecraft:cobbled_deepslate":256,"minecraft:bucket":2,"minecraft:beef":9,"minecraft:azalea":1,"minecraft:iron_pickaxe":5,"minecraft:chest":1,"minecraft:birch_sapling":3,"crittersandcompanions:clam":1,"minecraft:spruce_trapdoor":1,"minecraft:iron_boots":3,"minecraft:furnace":7,"minecraft:egg":1,"minecraft:stick":83,"minecraft:raw_iron":87,"iceandfire:dragonbone":10,"epicfight:diamond_spear":2,"minecraft:copper_ingot":6,"minecraft:torch":164,"epicfight:skillbook":3,"tombstone:grave_dust":7,"minecraft:carrot":5,"minecraft:redstone":36,"minecraft:green_terracotta":1,"minecraft:iron_horse_armor":3,"iceandfire:dragon_skull_ice":1,"iceandfire:silver_ingot":12,"minecraft:arrow":30,"minecraft:rotten_flesh":28,"minecraft:hay_block":50,"minecraft:mangrove_roots":1,"minecraft:music_disc_wait":2,"minecraft:mutton":12,"minecraft:iron_bars":5,"minecraft:white_wool":4,"minecraft:cobblestone":1109,"epicfight:stone_spear":2,"minecraft:glow_ink_sac":3,"minecraft:andesite":66,"minecraft:leather":3,"minecraft:smoker":4,"minecraft:acacia_wood":1,"minecraft:potato":140,"minecraft:filled_map":1,"minecraft:tuff":183,"minecraft:oak_log":40,"scalinghealth:bandages":40,"minecraft:yellow_bed":10,"minecraft:gunpowder":10,"scalinghealth:heart_crystal":6,"minecraft:lapis_lazuli":141,"scalinghealth:medkit":8,"minecraft:dirt":39,"tombstone:gift":2,"minecraft:cooked_mutton":12,"minecraft:bone":18,"epicfight:iron_greatsword":1,"minecraft:wheat_seeds":11,"iceandfire:armor_silver_metal_helmet":3,"minecraft:raw_gold":28,"minecraft:iron_ingot":108,"minecraft:iron_sword":6,"minecraft:oak_planks":25,"minecraft:oak_slab":7,"scalinghealth:heart_crystal_shard":54,"epicfight:stone_greatsword":4,"epicfight:iron_spear":2,"minecraft:sand":1,"minecraft:jungle_planks":2,"minecraft:bundle":4,"minecraft:oak_wood":2,"minecraft:diamond":15,"minecraft:stone_axe":3,"minecraft:polished_blackstone_pressure_plate":1,"waystones:waystone":11,"minecraft:iron_helmet":2,"minecraft:emerald":40,"minecraft:bread":230,"scalinghealth:cursed_heart":9,"tombstone:magic_scroll":6,"minecraft:oak_sapling":20,"minecraft:dark_oak_wood":4,"minecraft:stripped_dark_oak_log":3,"minecraft:coal":747,"iceandfire:raw_silver":49,"minecraft:diamond_pickaxe":2,"minecraft:sunflower":8}},"DataVersion":3465}