{"stats":{"minecraft:picked_up":{"minecraft:coarse_dirt":10,"minecraft:crafting_table":1,"minecraft:redstone_block":1,"minecraft:clay_ball":2,"minecraft:wooden_pickaxe":1,"minecraft:shield":1,"minecraft:string":15,"minecraft:cooked_salmon":1,"minecraft:spruce_planks":43,"minecraft:calcite":2,"crittersandcompanions:clam":2,"minecraft:stick":10,"minecraft:raw_iron":2,"iceandfire:dragonbone":9,"minecraft:torch":34,"minecraft:spruce_stairs":4,"epicfight:skillbook":4,"tombstone:grave_dust":10,"minecraft:dark_oak_planks":4,"iceandfire:dragon_skull_ice":2,"minecraft:arrow":2,"minecraft:rotten_flesh":11,"minecraft:music_disc_wait":1,"minecraft:snowball":41,"minecraft:cobblestone":97,"minecraft:filled_map":2,"minecraft:gunpowder":7,"minecraft:dirt":86,"minecraft:bone":2,"minecraft:wheat_seeds":1,"minecraft:stone_pickaxe":1,"minecraft:book":1,"scalinghealth:heart_crystal_shard":6,"minecraft:sweet_berries":76,"minecraft:spyglass":2,"minecraft:gravel":1,"minecraft:spruce_sapling":9,"minecraft:ink_sac":6,"minecraft:white_bed":5,"minecraft:spruce_log":44,"minecraft:spider_eye":1,"minecraft:stone_axe":2,"minecraft:spruce_boat":5,"waystones:waystone":1,"minecraft:emerald":1,"minecraft:bread":27,"alexsmobs:maggot":1,"minecraft:stripped_dark_oak_log":4,"minecraft:coal":65,"iceandfire:raw_silver":11},"minecraft:used":{"minecraft:stone_sword":23,"minecraft:spruce_planks":107,"minecraft:shield":19,"minecraft:cooked_salmon":2,"minecraft:rotten_flesh":2,"minecraft:torch":21,"minecraft:dirt":7,"minecraft:spyglass":4,"minecraft:spruce_stairs":3,"minecraft:spruce_boat":6,"alexsmobs:maggot":1,"minecraft:coal_ore":2,"minecraft:sweet_berries":33,"tombstone:gift":1,"epicfight:skillbook":2,"epicfight:iron_spear":81,"minecraft:snow_block":16,"minecraft:stone_pickaxe":156,"minecraft:wooden_pickaxe":13,"securitycraft:coal_mine":1,"minecraft:stripped_dark_oak_log":2,"minecraft:crafting_table":4,"minecraft:white_bed":4,"epicfight:stone_spear":49,"iceandfire:silver_pickaxe":26,"waystones:waystone":1,"minecraft:bread":12,"minecraft:map":1,"minecraft:spruce_trapdoor":2,"minecraft:spruce_sapling":4,"minecraft:gravel":4,"minecraft:stone_axe":53,"minecraft:wooden_sword":3,"minecraft:cobblestone":1,"alexsmobs:animal_dictionary":1,"minecraft:coarse_dirt":10,"minecraft:experience_bottle":1},"minecraft:custom":{"minecraft:mob_kills":38,"minecraft:interact_with_crafting_table":33,"minecraft:open_barrel":5,"minecraft:leave_game":3,"minecraft:time_since_death":671,"minecraft:climb_one_cm":1020,"minecraft:sprint_one_cm":419916,"minecraft:walk_one_cm":808776,"minecraft:damage_blocked_by_shield":573,"minecraft:drop":35,"minecraft:damage_dealt_absorbed":353,"minecraft:play_time":144755,"minecraft:deaths":22,"minecraft:sneak_time":7317,"minecraft:walk_under_water_one_cm":40473,"minecraft:boat_one_cm":111554,"minecraft:jump":1708,"minecraft:walk_on_water_one_cm":40376,"minecraft:total_world_time":144755,"minecraft:interact_with_furnace":8,"tombstone:raider_killed":1,"minecraft:sleep_in_bed":1,"minecraft:time_since_rest":593,"minecraft:waystone_activated":1,"minecraft:damage_taken":4584,"minecraft:damage_dealt":7386,"minecraft:swim_one_cm":91311,"minecraft:fly_one_cm":719298,"minecraft:open_chest":17,"minecraft:crouch_one_cm":43511,"tombstone:undead_killed":26,"minecraft:fall_one_cm":25305},"minecraft:crafted":{"minecraft:wooden_sword":1,"epicfight:iron_spear":1,"minecraft:stone_pickaxe":3,"minecraft:spruce_boat":2,"minecraft:dark_oak_planks":8,"epicfight:stone_spear":2,"iceandfire:silver_ingot":4,"minecraft:crafting_table":5,"minecraft:spruce_planks":176,"minecraft:wooden_pickaxe":3,"minecraft:iron_sword":1,"minecraft:cooked_salmon":1,"minecraft:stone_axe":2,"minecraft:bread":1,"minecraft:air":0,"minecraft:spruce_trapdoor":2,"minecraft:white_wool":3,"minecraft:stick":32,"minecraft:stone_sword":3,"minecraft:snow_block":16,"minecraft:white_bed":2,"minecraft:torch":16,"iceandfire:silver_pickaxe":1},"minecraft:dropped":{"minecraft:bread":60,"crittersandcompanions:clam":1,"minecraft:crafting_table":1,"scalinghealth:heart_crystal_shard":3,"epicfight:stone_spear":1,"minecraft:coal":24,"minecraft:stick":2,"minecraft:dirt":67,"minecraft:torch":1,"minecraft:snowball":41,"tombstone:grave_dust":2,"minecraft:wooden_sword":1,"minecraft:music_disc_wait":1,"minecraft:paper":9,"minecraft:string":3,"minecraft:spruce_sapling":5,"minecraft:stone_axe":1,"minecraft:filled_map":1,"iceandfire:silver_ingot":1,"minecraft:spider_eye":1,"minecraft:wooden_pickaxe":3,"minecraft:stone_pickaxe":2},"minecraft:mined":{"minecraft:spruce_planks":13,"minecraft:white_bed":2,"iceandfire:silver_ore":8,"minecraft:grass_block":3,"minecraft:spruce_leaves":22,"minecraft:rooted_dirt":3,"minecraft:large_fern":1,"minecraft:spruce_sapling":2,"minecraft:iron_ore":1,"minecraft:packed_ice":36,"minecraft:stone":62,"minecraft:podzol":1,"minecraft:redstone_block":1,"minecraft:stripped_dark_oak_log":4,"minecraft:powder_snow":1,"minecraft:crafting_table":1,"minecraft:torch":3,"minecraft:calcite":2,"minecraft:wall_torch":8,"minecraft:spruce_stairs":5,"minecraft:coarse_dirt":1,"minecraft:blue_ice":1,"minecraft:sweet_berry_bush":18,"minecraft:ice":6,"minecraft:spruce_log":44,"minecraft:birch_leaves":2,"minecraft:grass":6,"minecraft:coal_ore":59,"minecraft:gravel":1,"minecraft:dirt":6,"minecraft:cobweb":11,"minecraft:fern":3},"minecraft:killed_by":{"minecraft:skeleton":5,"minecraft:zombie":3},"minecraft:killed":{"hordes:zombie_player":3,"minecraft:spider":4,"minecraft:skeleton":2,"minecraft:drowned":4,"minecraft:zombie_villager":4,"minecraft:salmon":1,"alexsmobs:seal":2,"minecraft:creeper":2,"minecraft:pillager":1,"minecraft:zombie":13,"alexsmobs:fly":1}},"DataVersion":3465}