{"stats":{"minecraft:used":{"minecraft:cooked_mutton":2,"epicfight:skillbook":1,"minecraft:stone_sword":26,"minecraft:stone_pickaxe":127,"minecraft:oak_planks":4,"minecraft:wooden_pickaxe":3,"minecraft:iron_sword":18,"bakery:sandwich":1,"minecraft:torch":3,"minecraft:dirt":16,"minecraft:crafting_table":7,"scalinghealth:cursed_heart":2,"bakery:strawberry":2,"minecraft:white_bed":3,"minecraft:bread":7,"minecraft:iron_pickaxe":1,"minecraft:item_frame":2,"minecraft:stone_axe":56,"minecraft:bow":2,"minecraft:yellow_bed":2,"minecraft:hay_block":1,"minecraft:furnace":1,"minecraft:egg":1,"tombstone:gift":2,"alexsmobs:animal_dictionary":1,"minecraft:acacia_planks":7},"minecraft:picked_up":{"minecraft:iron_chestplate":1,"minecraft:crafting_table":9,"minecraft:jungle_log":3,"minecraft:acacia_wood":21,"minecraft:oak_log":10,"minecraft:yellow_bed":3,"minecraft:lantern":1,"minecraft:string":1,"minecraft:dirt":28,"tombstone:gift":2,"man:cassette_1safetyinstructions":1,"minecraft:white_carpet":2,"minecraft:purple_carpet":1,"minecraft:armor_stand":1,"minecraft:item_frame":3,"minecraft:bone":4,"minecraft:acacia_planks":6,"minecraft:stone_bricks":7,"minecraft:bow":1,"minecraft:wheat_seeds":4,"minecraft:stone_pickaxe":2,"minecraft:iron_pickaxe":1,"minecraft:light_gray_wool":2,"minecraft:enchanted_golden_apple":2,"minecraft:iron_sword":1,"minecraft:oak_planks":3,"minecraft:egg":1,"minecraft:furnace":3,"bakery:strawberry":2,"minecraft:stick":3,"minecraft:raw_iron":16,"scalinghealth:heart_crystal_shard":16,"minecraft:torch":3,"minecraft:dandelion":1,"minecraft:spruce_stairs":2,"minecraft:gravel":1,"epicfight:skillbook":1,"tombstone:grave_dust":1,"minecraft:white_bed":4,"minecraft:leather_helmet":1,"alexsmobs:animal_dictionary":1,"minecraft:stone_sword":2,"minecraft:arrow":4,"minecraft:stone_axe":1,"minecraft:peony":5,"minecraft:hay_block":9,"minecraft:diamond_boots":1,"minecraft:iron_block":1,"minecraft:granite":2,"minecraft:golden_apple":2,"scalinghealth:cursed_heart":2,"minecraft:bread":13,"minecraft:mutton":16,"minecraft:coal":87,"minecraft:white_wool":9,"minecraft:cobblestone":52,"minecraft:ender_pearl":1},"minecraft:dropped":{"minecraft:gravel":1,"minecraft:bread":25,"minecraft:wheat_seeds":4,"minecraft:stone_sword":1,"minecraft:crafting_table":1,"minecraft:white_carpet":2,"scalinghealth:heart_crystal_shard":6,"minecraft:light_gray_wool":1,"minecraft:enchanted_golden_apple":2,"minecraft:granite":2,"minecraft:white_bed":1,"minecraft:golden_apple":2,"minecraft:dirt":8,"minecraft:peony":5,"minecraft:stone_pickaxe":2,"minecraft:wooden_pickaxe":1,"minecraft:dandelion":1,"minecraft:armor_stand":1},"minecraft:crafted":{"minecraft:oak_planks":12,"bakery:sandwich":1,"minecraft:crafting_table":1,"epicfight:iron_spear":1,"minecraft:wooden_pickaxe":2,"minecraft:furnace":1,"minecraft:stone_axe":1,"minecraft:cooked_mutton":10,"minecraft:air":0,"minecraft:jungle_planks":12,"minecraft:stick":28,"minecraft:iron_ingot":18,"minecraft:stone_pickaxe":1,"minecraft:stone_sword":1,"minecraft:white_bed":2,"minecraft:acacia_planks":84,"minecraft:torch":76,"minecraft:wheat":72},"minecraft:killed":{"hordes:zombie_player":4,"minecraft:sheep":9},"minecraft:mined":{"minecraft:white_bed":3,"minecraft:crafting_table":7,"minecraft:torch":3,"minecraft:granite":2,"bakery:wild_strawberries":2,"minecraft:grass_block":8,"minecraft:jungle_log":3,"minecraft:tall_grass":8,"minecraft:hay_block":9,"minecraft:spruce_stairs":1,"minecraft:furnace":3,"minecraft:iron_ore":16,"minecraft:fire":36,"minecraft:acacia_wood":21,"minecraft:white_carpet":1,"minecraft:yellow_bed":3,"minecraft:peony":2,"minecraft:grass":9,"minecraft:oak_log":2,"minecraft:coal_ore":58,"minecraft:vine":1,"minecraft:gravel":1,"minecraft:dirt":16,"minecraft:cobweb":1,"minecraft:acacia_planks":7,"minecraft:stone_bricks":6,"minecraft:stone":39,"minecraft:iron_block":1},"minecraft:killed_by":{"man:managgresive":2,"minecraft:sheep":1,"minecraft:skeleton":2,"minecraft:horse":1,"hordes:zombie_player":4},"minecraft:custom":{"minecraft:interact_with_furnace":14,"minecraft:mob_kills":13,"minecraft:interact_with_crafting_table":28,"minecraft:open_barrel":3,"minecraft:leave_game":1,"minecraft:time_since_death":56347,"minecraft:sleep_in_bed":6,"minecraft:climb_one_cm":5334,"minecraft:time_since_rest":36740,"minecraft:sprint_one_cm":193884,"minecraft:damage_taken":3142,"minecraft:walk_one_cm":556467,"minecraft:drop":24,"minecraft:damage_dealt":2411,"minecraft:swim_one_cm":11113,"minecraft:talked_to_villager":2,"minecraft:fly_one_cm":259117,"minecraft:open_chest":1,"minecraft:crouch_one_cm":18630,"minecraft:play_time":127879,"tombstone:undead_killed":4,"minecraft:deaths":12,"minecraft:sneak_time":3336,"minecraft:walk_under_water_one_cm":3903,"minecraft:jump":842,"minecraft:walk_on_water_one_cm":6347,"minecraft:total_world_time":127879,"minecraft:fall_one_cm":15229}},"DataVersion":3465}