{"stats":{"minecraft:picked_up":{"minecraft:stick":1,"scalinghealth:heart_crystal_shard":3,"minecraft:torch":4,"minecraft:wooden_pickaxe":1,"minecraft:spruce_sapling":7,"tombstone:grave_dust":2,"minecraft:spruce_log":11,"minecraft:dirt":6,"minecraft:stone_axe":1,"minecraft:spruce_planks":1,"minecraft:stone_pickaxe":1,"minecraft:bread":27,"alexsmobs:maggot":1,"minecraft:coal":29,"minecraft:snowball":25,"minecraft:cobblestone":19},"minecraft:used":{"alexsmobs:maggot":1,"minecraft:stone_sword":5,"minecraft:coal_ore":2,"minecraft:bread":3,"minecraft:stone_pickaxe":38,"minecraft:spruce_planks":2,"minecraft:wooden_pickaxe":9,"minecraft:spruce_sapling":4,"securitycraft:coal_mine":1,"minecraft:torch":4,"minecraft:wooden_sword":3,"minecraft:crafting_table":1,"tombstone:gift":1,"alexsmobs:animal_dictionary":1,"epicfight:stone_spear":5},"minecraft:custom":{"minecraft:time_since_rest":723,"minecraft:sprint_one_cm":142586,"minecraft:damage_taken":1101,"minecraft:walk_one_cm":169177,"minecraft:mob_kills":4,"minecraft:drop":11,"minecraft:damage_dealt":746,"minecraft:interact_with_crafting_table":8,"minecraft:damage_dealt_absorbed":10,"minecraft:swim_one_cm":1711,"minecraft:fly_one_cm":295515,"minecraft:crouch_one_cm":4994,"minecraft:play_time":36755,"tombstone:undead_killed":3,"minecraft:deaths":5,"minecraft:sneak_time":686,"minecraft:walk_under_water_one_cm":1173,"minecraft:jump":357,"minecraft:leave_game":3,"minecraft:time_since_death":1153,"minecraft:walk_on_water_one_cm":5393,"minecraft:total_world_time":36755,"minecraft:fall_one_cm":3198},"minecraft:crafted":{"epicfight:stone_spear":1,"minecraft:wooden_sword":1,"minecraft:crafting_table":2,"minecraft:spruce_planks":44,"minecraft:stick":16,"minecraft:wooden_pickaxe":2,"minecraft:stone_pickaxe":2,"minecraft:stone_sword":1,"minecraft:torch":12},"minecraft:dropped":{"minecraft:bread":32,"tombstone:grave_dust":2,"scalinghealth:heart_crystal_shard":3,"minecraft:wooden_sword":1,"minecraft:stone_pickaxe":1,"minecraft:wooden_pickaxe":2,"minecraft:spruce_sapling":2},"minecraft:mined":{"minecraft:spruce_sapling":2,"minecraft:ice":1,"minecraft:spruce_log":11,"minecraft:coal_ore":23,"minecraft:packed_ice":1,"minecraft:spruce_leaves":3,"minecraft:stone":19},"minecraft:killed_by":{"minecraft:zombie":1},"minecraft:killed":{"minecraft:zombie":1,"hordes:zombie_player":1,"minecraft:zombie_villager":1,"alexsmobs:fly":1}},"DataVersion":3465}