{"stats":{"minecraft:killed":{"minecraft:sheep":4,"minecraft:skeleton":1,"minecraft:zombie":2,"minecraft:cow":1},"minecraft:mined":{"minecraft:crafting_table":2,"minecraft:yellow_bed":2,"minecraft:grass":2,"minecraft:coal_ore":9,"minecraft:grass_block":3,"minecraft:oak_log":16,"minecraft:dirt_path":2,"minecraft:sand":1,"minecraft:dirt":5,"minecraft:copper_ore":11,"minecraft:cobblestone":1,"minecraft:stone":35,"minecraft:oak_leaves":4},"minecraft:dropped":{"minecraft:dirt":50,"minecraft:wheat_seeds":1,"minecraft:spruce_trapdoor":1,"minecraft:raw_copper":33,"tombstone:grave_key":2,"tombstone:grave_dust":4,"minecraft:sand":1,"minecraft:wooden_pickaxe":3},"minecraft:custom":{"minecraft:time_since_rest":700,"minecraft:sprint_one_cm":188341,"minecraft:damage_taken":1880,"minecraft:walk_one_cm":173465,"minecraft:mob_kills":8,"minecraft:drop":14,"minecraft:damage_dealt":1275,"minecraft:interact_with_crafting_table":13,"minecraft:swim_one_cm":34888,"minecraft:fly_one_cm":236057,"minecraft:open_chest":1,"minecraft:crouch_one_cm":7899,"minecraft:play_time":55874,"tombstone:undead_killed":3,"minecraft:deaths":11,"minecraft:sneak_time":1212,"minecraft:walk_under_water_one_cm":13438,"minecraft:jump":631,"minecraft:leave_game":1,"minecraft:time_since_death":926,"minecraft:walk_on_water_one_cm":14350,"minecraft:sleep_in_bed":2,"minecraft:total_world_time":55874,"minecraft:fall_one_cm":14143},"minecraft:killed_by":{"man:managgresive":1,"hordes:zombie_player":3,"minecraft:skeleton":2,"minecraft:creeper":5},"minecraft:used":{"minecraft:bread":4,"minecraft:stone_pickaxe":46,"minecraft:wooden_pickaxe":18,"minecraft:stone_axe":6,"minecraft:dirt":4,"minecraft:cobblestone":17,"minecraft:crafting_table":5,"minecraft:yellow_bed":1,"tombstone:gift":3,"epicfight:stone_spear":18},"minecraft:picked_up":{"scalinghealth:heart_crystal_shard":6,"minecraft:crafting_table":2,"minecraft:leather":1,"minecraft:wooden_pickaxe":1,"minecraft:sand":1,"scalinghealth:bandages":5,"minecraft:oak_log":16,"tombstone:grave_key":1,"tombstone:grave_dust":5,"minecraft:yellow_bed":3,"minecraft:dirt":39,"minecraft:raw_copper":33,"minecraft:rotten_flesh":3,"minecraft:hay_block":13,"minecraft:beef":1,"minecraft:bread":26,"tombstone:magic_scroll":1,"minecraft:coal":9,"minecraft:mutton":6,"minecraft:oak_planks":7,"minecraft:spruce_trapdoor":1,"minecraft:white_wool":4,"minecraft:cobblestone":40,"minecraft:egg":1},"minecraft:crafted":{"epicfight:stone_spear":1,"minecraft:oak_planks":32,"minecraft:crafting_table":4,"minecraft:stick":20,"minecraft:wooden_pickaxe":2,"minecraft:iron_pickaxe":1,"minecraft:stone_pickaxe":2,"minecraft:stone_sword":1,"minecraft:stone_axe":2}},"DataVersion":3465}