{"stats":{"minecraft:used":{"minecraft:stone_sword":26,"minecraft:shield":6,"minecraft:iron_sword":18,"minecraft:torch":3,"minecraft:dirt":16,"minecraft:iron_axe":1,"minecraft:stone_bricks":8,"minecraft:item_frame":2,"minecraft:bow":3,"minecraft:hay_block":1,"minecraft:furnace":1,"tombstone:gift":2,"minecraft:egg":1,"minecraft:acacia_planks":13,"minecraft:cooked_mutton":2,"epicfight:skillbook":1,"epicfight:iron_spear":45,"minecraft:stone_pickaxe":127,"minecraft:oak_planks":8,"minecraft:wooden_pickaxe":3,"bakery:sandwich":1,"minecraft:crafting_table":9,"scalinghealth:cursed_heart":2,"bakery:strawberry":2,"minecraft:white_bed":4,"minecraft:bread":19,"minecraft:iron_pickaxe":149,"minecraft:stone_axe":65,"minecraft:yellow_bed":3,"alexsmobs:animal_dictionary":1},"minecraft:picked_up":{"minecraft:iron_chestplate":1,"minecraft:crafting_table":11,"minecraft:wooden_pickaxe":1,"minecraft:string":1,"minecraft:white_carpet":2,"minecraft:armor_stand":1,"minecraft:item_frame":5,"minecraft:iron_pickaxe":1,"minecraft:light_gray_wool":2,"minecraft:enchanted_golden_apple":2,"minecraft:egg":1,"minecraft:furnace":3,"minecraft:raw_iron":57,"minecraft:stick":3,"minecraft:torch":3,"minecraft:spruce_stairs":4,"epicfight:skillbook":1,"tombstone:grave_dust":1,"minecraft:stone_sword":2,"minecraft:arrow":6,"minecraft:rotten_flesh":1,"minecraft:peony":6,"minecraft:diamond_boots":1,"minecraft:hay_block":9,"minecraft:iron_block":1,"minecraft:mutton":16,"minecraft:cobblestone":65,"minecraft:white_wool":9,"minecraft:jungle_log":3,"minecraft:acacia_wood":21,"minecraft:oak_log":13,"minecraft:yellow_bed":4,"minecraft:dirt":28,"minecraft:lantern":1,"tombstone:gift":2,"man:cassette_1safetyinstructions":1,"minecraft:purple_carpet":1,"minecraft:bone":6,"minecraft:acacia_planks":6,"minecraft:stone_bricks":8,"minecraft:bow":1,"minecraft:wheat_seeds":4,"minecraft:stone_pickaxe":3,"minecraft:oak_planks":7,"minecraft:iron_sword":1,"bakery:strawberry":2,"scalinghealth:heart_crystal_shard":23,"minecraft:dandelion":1,"minecraft:gravel":1,"minecraft:white_bed":4,"alexsmobs:animal_dictionary":1,"minecraft:leather_helmet":1,"minecraft:stone_axe":1,"minecraft:granite":2,"minecraft:emerald":1,"minecraft:golden_apple":2,"minecraft:bread":13,"scalinghealth:cursed_heart":2,"minecraft:oak_sapling":1,"minecraft:coal":172,"minecraft:ender_pearl":1},"minecraft:dropped":{"minecraft:bread":25,"minecraft:wheat_seeds":4,"minecraft:crafting_table":1,"scalinghealth:heart_crystal_shard":6,"minecraft:granite":2,"minecraft:spruce_stairs":4,"minecraft:golden_apple":2,"minecraft:item_frame":2,"minecraft:dirt":8,"minecraft:paper":2,"minecraft:string":1,"minecraft:dandelion":1,"minecraft:armor_stand":1,"minecraft:gravel":1,"minecraft:stone_axe":1,"minecraft:stone_sword":1,"minecraft:white_carpet":2,"minecraft:light_gray_wool":1,"minecraft:enchanted_golden_apple":2,"minecraft:white_bed":1,"minecraft:peony":6,"minecraft:wooden_pickaxe":2,"minecraft:stone_pickaxe":2,"minecraft:purple_carpet":1},"minecraft:crafted":{"minecraft:oak_planks":12,"epicfight:iron_spear":1,"minecraft:furnace":1,"minecraft:cooked_mutton":10,"minecraft:iron_axe":1,"minecraft:stone_pickaxe":1,"minecraft:wheat":72,"bakery:sandwich":1,"minecraft:crafting_table":1,"minecraft:wooden_pickaxe":2,"minecraft:stone_axe":1,"minecraft:bread":24,"minecraft:air":0,"minecraft:jungle_planks":12,"minecraft:shield":1,"minecraft:stick":28,"minecraft:iron_ingot":18,"minecraft:stone_sword":1,"minecraft:white_bed":2,"minecraft:acacia_planks":84,"minecraft:torch":76},"minecraft:killed_by":{"minecraft:sheep":1,"hordes:zombie_player":4,"man:managgresive":2,"minecraft:silverfish":3,"minecraft:skeleton":2,"minecraft:horse":1},"minecraft:killed":{"alexsmobs:hummingbird":1,"hordes:zombie_player":4,"minecraft:skeleton":1,"minecraft:silverfish":9,"minecraft:sheep":9,"minecraft:zombie":1},"minecraft:mined":{"minecraft:white_bed":3,"minecraft:granite":2,"minecraft:grass_block":8,"minecraft:jungle_log":3,"minecraft:hay_block":9,"minecraft:furnace":3,"minecraft:iron_ore":57,"minecraft:fire":37,"minecraft:acacia_wood":21,"minecraft:peony":3,"minecraft:vine":1,"minecraft:stone":52,"minecraft:iron_block":1,"minecraft:infested_stone_bricks":1,"minecraft:crafting_table":9,"minecraft:torch":3,"minecraft:emerald_ore":1,"bakery:wild_strawberries":2,"minecraft:tall_grass":8,"minecraft:oak_planks":4,"minecraft:spruce_stairs":1,"minecraft:white_carpet":1,"minecraft:yellow_bed":4,"minecraft:grass":11,"minecraft:oak_log":5,"minecraft:coal_ore":144,"minecraft:gravel":1,"minecraft:dirt":16,"minecraft:cobweb":1,"minecraft:acacia_planks":7,"minecraft:stone_bricks":7,"minecraft:oak_leaves":3,"minecraft:infested_stone":1},"minecraft:custom":{"minecraft:mob_kills":25,"minecraft:interact_with_crafting_table":32,"minecraft:open_barrel":3,"minecraft:leave_game":1,"minecraft:time_since_death":0,"minecraft:climb_one_cm":5334,"minecraft:sprint_one_cm":226407,"minecraft:walk_one_cm":667588,"minecraft:damage_blocked_by_shield":195,"minecraft:drop":33,"minecraft:talked_to_villager":2,"minecraft:play_time":151005,"minecraft:deaths":16,"minecraft:sneak_time":6094,"minecraft:walk_under_water_one_cm":3903,"minecraft:jump":1000,"minecraft:walk_on_water_one_cm":16065,"minecraft:total_world_time":151005,"minecraft:interact_with_furnace":14,"minecraft:sleep_in_bed":8,"minecraft:time_since_rest":3858,"minecraft:damage_taken":3781,"minecraft:damage_dealt":4288,"minecraft:swim_one_cm":11113,"minecraft:fly_one_cm":288112,"minecraft:open_chest":1,"minecraft:crouch_one_cm":37753,"tombstone:undead_killed":6,"minecraft:fall_one_cm":17805}},"DataVersion":3465}