{"stats":{"minecraft:crafted":{"minecraft:iron_boots":1,"minecraft:shield":1,"minecraft:stick":4,"minecraft:iron_helmet":1},"minecraft:mined":{"minecraft:coal_ore":2,"minecraft:stone":24,"minecraft:infested_stone":1},"minecraft:custom":{"minecraft:time_since_rest":4187,"minecraft:sprint_one_cm":22044,"minecraft:damage_taken":973,"minecraft:walk_one_cm":98200,"minecraft:mob_kills":1,"minecraft:damage_dealt":438,"minecraft:interact_with_crafting_table":4,"minecraft:fly_one_cm":17816,"minecraft:play_time":32735,"minecraft:deaths":8,"minecraft:walk_under_water_one_cm":4695,"minecraft:jump":119,"minecraft:damage_dealt_resisted":17,"minecraft:leave_game":2,"minecraft:walk_on_water_one_cm":7807,"minecraft:time_since_death":6586,"minecraft:total_world_time":32735,"minecraft:fall_one_cm":2041},"minecraft:killed_by":{"minecraft:silverfish":2,"minecraft:skeleton":2,"minecraft:creeper":1,"minecraft:zombie":3},"minecraft:killed":{"minecraft:silverfish":1},"minecraft:used":{"iceandfire:silver_pickaxe":27,"iceandfire:silver_sword":8,"minecraft:cobblestone":5},"minecraft:picked_up":{"minecraft:iron_chestplate":2,"minecraft:glow_ink_sac":2,"minecraft:tuff":4,"minecraft:gunpowder":1,"tombstone:gift":1,"minecraft:iron_leggings":2,"iceandfire:silver_pickaxe":1,"iceandfire:silver_sword":2,"minecraft:cobbled_deepslate":16,"minecraft:iron_helmet":1,"minecraft:iron_ingot":27,"minecraft:bread":74,"scalinghealth:cursed_heart":1,"minecraft:oak_planks":22,"minecraft:coal":2,"minecraft:cobblestone":100,"minecraft:iron_boots":1}},"DataVersion":3465}