{"stats":{"minecraft:used":{"minecraft:stone_pickaxe":34,"minecraft:wooden_pickaxe":24,"minecraft:torch":1,"minecraft:dirt":5,"minecraft:crafting_table":2,"minecraft:white_bed":4,"minecraft:oak_log":2,"minecraft:wooden_axe":5,"minecraft:bread":2,"minecraft:stone_axe":5,"minecraft:wooden_sword":25,"tombstone:gift":2,"alexsmobs:animal_dictionary":1},"minecraft:picked_up":{"minecraft:wooden_axe":3,"minecraft:iron_chestplate":1,"minecraft:crafting_table":3,"minecraft:jungle_log":1,"minecraft:leather_leggings":1,"minecraft:leather":4,"minecraft:wooden_pickaxe":2,"minecraft:oak_log":10,"scalinghealth:bandages":1,"minecraft:dirt":14,"tombstone:gift":1,"minecraft:wooden_sword":2,"minecraft:bone":2,"minecraft:stone_bricks":5,"minecraft:wheat_seeds":1,"minecraft:enchanted_golden_apple":1,"minecraft:chest":1,"minecraft:oak_planks":3,"scalinghealth:heart_crystal_shard":19,"minecraft:jungle_planks":2,"minecraft:stone_button":1,"tombstone:grave_dust":1,"minecraft:white_bed":4,"minecraft:barrel":1,"alexsmobs:animal_dictionary":1,"minecraft:leather_helmet":1,"minecraft:rotten_flesh":1,"minecraft:diamond_boots":1,"minecraft:bread":31,"minecraft:oak_sapling":2,"minecraft:mutton":10,"minecraft:coal":22,"minecraft:white_wool":2,"minecraft:cobblestone":19},"minecraft:dropped":{"scalinghealth:heart_crystal_shard":15,"minecraft:oak_planks":3,"minecraft:enchanted_golden_apple":1,"minecraft:torch":1,"minecraft:wooden_axe":3,"tombstone:grave_dust":1,"minecraft:wooden_sword":2,"minecraft:wooden_pickaxe":2,"minecraft:white_wool":2,"minecraft:bone":1},"minecraft:crafted":{"minecraft:wooden_sword":2,"minecraft:oak_planks":24,"minecraft:crafting_table":1,"minecraft:stone_axe":1,"minecraft:jungle_planks":4,"minecraft:stick":16,"minecraft:stone_pickaxe":1,"minecraft:wooden_axe":1,"minecraft:stone_sword":2,"minecraft:white_bed":1,"minecraft:torch":8},"minecraft:killed_by":{"minecraft:sheep":1,"minecraft:skeleton":2,"minecraft:horse":2,"minecraft:zombie":2,"hordes:zombie_player":1},"minecraft:killed":{"hordes:zombie_player":2,"wildlife_additions_updated:tapir":1,"minecraft:sheep":1,"minecraft:horse":2,"minecraft:skeleton":2},"minecraft:mined":{"minecraft:white_bed":3,"minecraft:jungle_leaves":1,"minecraft:crafting_table":2,"minecraft:grass_block":1,"minecraft:jungle_log":1,"minecraft:grass":2,"minecraft:oak_log":10,"minecraft:coal_ore":22,"minecraft:dirt":5,"minecraft:stone":20,"minecraft:stone_bricks":2,"minecraft:oak_leaves":1,"minecraft:fern":1},"minecraft:custom":{"minecraft:mob_kills":8,"minecraft:interact_with_crafting_table":19,"minecraft:open_barrel":2,"minecraft:leave_game":4,"minecraft:time_since_death":9396,"minecraft:sleep_in_bed":4,"minecraft:climb_one_cm":759,"minecraft:time_since_rest":3636,"minecraft:sprint_one_cm":158154,"minecraft:damage_taken":1172,"minecraft:walk_one_cm":492882,"minecraft:drop":19,"minecraft:damage_dealt":1303,"minecraft:swim_one_cm":4374,"minecraft:fly_one_cm":105525,"minecraft:open_chest":8,"minecraft:crouch_one_cm":7430,"minecraft:play_time":82265,"tombstone:undead_killed":4,"minecraft:deaths":8,"minecraft:sneak_time":1472,"minecraft:walk_under_water_one_cm":5708,"minecraft:jump":400,"minecraft:walk_on_water_one_cm":15210,"minecraft:total_world_time":82265,"minecraft:fall_one_cm":3077,"minecraft:horse_one_cm":138}},"DataVersion":3465}