{"stats":{"minecraft:mined":{"minecraft:coal_ore":2,"minecraft:stone":24,"minecraft:infested_stone":1},"minecraft:custom":{"minecraft:time_since_rest":223,"minecraft:walk_one_cm":71085,"minecraft:sprint_one_cm":18357,"minecraft:play_time":21065,"minecraft:damage_taken":711,"minecraft:deaths":5,"minecraft:walk_under_water_one_cm":2060,"minecraft:mob_kills":1,"minecraft:damage_dealt_resisted":17,"minecraft:jump":87,"minecraft:damage_dealt":429,"minecraft:leave_game":1,"minecraft:time_since_death":545,"minecraft:walk_on_water_one_cm":3346,"minecraft:total_world_time":21065,"minecraft:fall_one_cm":2041,"minecraft:fly_one_cm":9057},"minecraft:killed_by":{"minecraft:skeleton":2,"minecraft:zombie":1,"minecraft:silverfish":2},"minecraft:killed":{"minecraft:silverfish":1},"minecraft:used":{"iceandfire:silver_pickaxe":27,"iceandfire:silver_sword":8},"minecraft:picked_up":{"minecraft:iron_leggings":1,"iceandfire:silver_pickaxe":1,"minecraft:glow_ink_sac":2,"iceandfire:silver_sword":1,"minecraft:bread":39,"minecraft:oak_planks":22,"minecraft:coal":2,"minecraft:cobblestone":20}},"DataVersion":3465}