{"stats":{"minecraft:custom":{"minecraft:jump":35,"minecraft:time_since_rest":106,"minecraft:walk_on_water_one_cm":3103,"minecraft:deaths":1,"minecraft:leave_game":1,"minecraft:play_time":9065,"minecraft:sprint_one_cm":13700,"minecraft:damage_taken":108,"minecraft:time_since_death":2505,"minecraft:walk_one_cm":37110,"minecraft:total_world_time":9065,"minecraft:walk_under_water_one_cm":742,"minecraft:fall_one_cm":836,"minecraft:fly_one_cm":7089},"minecraft:killed_by":{"minecraft:zombie":1},"minecraft:picked_up":{"iceandfire:silver_pickaxe":1,"iceandfire:silver_sword":1}},"DataVersion":3465}